	富山1985　h=6.5m	
	風速m/s	降水量mm/h 風向
	1.7	0	202.5
	0.8	0	225
	1.7	0	270
	0.8	0	157.5
	2.5	0	270
	1.7	0	202.5
	0.0	0	0
	0.8	0	270
	1.7	0	247.5
	2.5	0	247.5
	0.8	0	225
	0.8	0	67.5
	0.8	0	315
	0.8	0	337.5
	3.3	0	45
	0.0	0	0
	0.8	0	202.5
	1.7	0	225
	0.0	1	0
	1.7	0	225
	2.5	0	270
	1.7	0	225
	1.7	0	202.5
	0.8	0	247.5
	0.0	0	0
	1.7	0	202.5
	1.7	0	202.5
	1.7	0	270
	1.7	0	225
	1.7	0	270
	0.8	0	315
	0.0	1	0
	1.7	4	180
	1.7	0	202.5
	1.7	0	225
	1.7	2	225
	1.7	0	202.5
	1.7	1	225
	0.8	0	157.5
	1.7	0	202.5
	1.7	0	225
	0.8	0	180
	1.7	0	225
	1.7	0	225
	1.7	0	225
	0.8	0	202.5
	0.8	0	202.5
	1.7	0	225
	1.7	0	247.5
	1.7	0	225
	0.8	0	180
	1.7	0	225
	1.7	0	225
	2.5	0	202.5
	2.5	0	225
	1.7	0	270
	1.7	0	247.5
	2.5	0	225
	1.7	0	225
	3.3	0	202.5
	2.5	0	180
	2.5	0	202.5
	3.3	0	337.5
	0.8	2	0
	2.5	1	112.5
	0.0	0	0
	0.8	1	315
	1.7	3	45
	1.7	4	292.5
	1.7	1	225
	1.7	0	247.5
	1.7	0	225
	2.5	1	247.5
	0.8	0	225
	0.8	0	225
	0.8	0	202.5
	0.8	0	180
	1.7	0	247.5
	1.7	0	270
	0.8	0	0
	2.5	1	22.5
	0.8	1	225
	0.8	2	315
	1.7	6	157.5
	1.7	0	135
	0.8	0	0
	1.7	0	0
	1.7	3	135
	0.8	5	112.5
	0.0	3	0
	0.8	1	157.5
	1.7	2	247.5
	0.8	0	225
	0.8	0	292.5
	2.5	0	247.5
	0.8	1	247.5
	1.7	0	225
	2.5	1	202.5
	1.7	0	225
	1.7	1	202.5
	2.5	1	202.5
	1.7	0	202.5
	0.8	1	202.5
	2.5	0	225
	1.7	0	225
	1.7	0	225
	1.7	0	202.5
	1.7	0	202.5
	1.7	1	225
	0.8	0	270
	0.8	0	292.5
	0.8	0	270
	1.7	0	292.5
	0.8	0	270
	0.8	0	202.5
	0.8	0	202.5
	0.8	0	225
	1.7	0	202.5
	0.8	0	225
	1.7	0	225
	1.7	0	202.5
	1.7	0	202.5
	2.5	0	225
	2.5	0	225
	0.8	0	247.5
	1.7	1	270
	2.5	0	202.5
	1.7	0	202.5
	2.5	2	202.5
	0.8	0	225
	1.7	0	180
	2.5	0	202.5
	0.8	0	202.5
	0.0	0	0
	1.7	1	292.5
	0.0	1	0
	1.7	3	0
	2.5	4	22.5
	3.3	1	67.5
	2.5	2	45
	1.7	2	0
	1.7	4	45
	1.7	0	270
	0.8	2	202.5
	0.8	2	180
	0.8	1	202.5
	1.7	0	202.5
	0.8	1	225
	0.8	0	202.5
	1.7	0	202.5
	1.7	1	225
	0.8	0	247.5
	1.7	0	202.5
	1.7	0	202.5
	1.7	0	202.5
	2.5	0	180
	1.7	0	180
	1.7	1	202.5
	1.7	0	225
	1.7	0	202.5
	1.7	0	225
	1.7	0	202.5
	1.7	0	202.5
	1.7	0	202.5
	0.8	0	247.5
	1.7	0	202.5
	0.8	0	247.5
	0.0	0	0
	0.8	0	180
	1.7	0	202.5
	1.7	0	225
	1.7	0	225
	1.7	0	225
	1.7	0	225
	1.7	0	202.5
	3.3	0	202.5
	2.5	0	202.5
	1.7	0	247.5
	0.8	0	202.5
	1.7	0	337.5
	0.8	0	90
	0.8	0	45
	1.7	0	90
	0.0	0	0
	1.7	0	225
	1.7	0	225
	0.8	0	202.5
	1.7	0	225
	1.7	0	247.5
	2.5	0	225
	1.7	0	247.5
	1.7	0	225
	2.5	0	225
	2.5	0	225
	3.3	0	202.5
	1.7	0	225
	0.8	0	225
	1.7	0	225
	1.7	0	225
	0.0	0	0
	1.7	0	270
	0.8	0	180
	0.8	0	247.5
	0.8	0	225
	0.8	0	202.5
	0.0	0	0
	0.0	0	0
	0.0	0	0
	0.8	0	202.5
	1.7	0	247.5
	2.5	0	225
	2.5	0	247.5
	1.7	0	202.5
	2.5	0	247.5
	1.7	0	247.5
	1.7	0	225
	1.7	0	225
	2.5	0	247.5
	2.5	0	225
	1.7	0	225
	2.5	0	202.5
	2.5	0	247.5
	2.5	0	202.5
	2.5	0	202.5
	4.1	0	225
	2.5	0	225
	3.3	0	180
	2.5	0	247.5
	5.0	0	270
	5.0	1	270
	3.3	0	270
	1.7	1	225
	2.5	0	202.5
	2.5	0	247.5
	1.7	0	225
	1.7	0	225
	2.5	0	270
	2.5	0	270
	1.7	0	247.5
	1.7	0	225
	1.7	0	225
	1.7	0	225
	1.7	1	202.5
	1.7	0	225
	1.7	0	202.5
	1.7	0	225
	0.8	0	225
	0.8	0	247.5
	0.8	0	247.5
	1.7	0	202.5
	1.7	0	202.5
	1.7	0	180
	0.8	0	247.5
	1.7	0	315
	1.7	0	0
	0.8	0	0
	3.3	0	67.5
	5.8	0	45
	3.3	0	45
	1.7	0	112.5
	1.7	0	247.5
	2.5	0	247.5
	2.5	0	202.5
	1.7	0	225
	0.8	0	270
	0.8	0	157.5
	1.7	0	225
	1.7	0	202.5
	1.7	0	225
	2.5	0	225
	2.5	0	247.5
	1.7	0	225
	2.5	0	225
	2.5	0	225
	1.7	0	225
	1.7	0	202.5
	0.8	0	202.5
	2.5	0	247.5
	2.5	0	247.5
	5.8	0	292.5
	5.8	1	247.5
	2.5	3	225
	3.3	1	247.5
	1.7	0	247.5
	2.5	0	225
	2.5	0	247.5
	2.5	0	247.5
	4.1	2	225
	2.5	2	225
	1.7	1	202.5
	1.7	0	270
	2.5	2	202.5
	1.7	1	202.5
	2.5	0	202.5
	2.5	1	225
	3.3	3	202.5
	1.7	2	247.5
	1.7	1	202.5
	2.5	0	202.5
	4.1	0	225
	2.5	3	225
	2.5	1	202.5
	1.7	1	180
	2.5	0	157.5
	2.5	0	225
	1.7	2	225
	3.3	1	225
	3.3	4	247.5
	1.7	2	247.5
	1.7	1	202.5
	1.7	1	202.5
	2.5	1	225
	3.3	0	247.5
	2.5	0	202.5
	2.5	1	225
	2.5	1	225
	2.5	2	225
	1.7	0	225
	3.3	3	247.5
	2.5	1	202.5
	5.0	1	225
	2.5	3	202.5
	2.5	1	247.5
	4.1	1	247.5
	3.3	1	247.5
	5.8	1	247.5
	3.3	2	247.5
	5.0	1	247.5
	2.5	1	0
	0.8	2	315
	1.7	2	225
	1.7	1	247.5
	1.7	2	247.5
	0.8	3	202.5
	1.7	2	180
	1.7	3	202.5
	0.8	3	180
	0.8	1	135
	0.8	1	225
	0.8	0	202.5
	0.8	0	202.5
	1.7	0	225
	1.7	0	202.5
	2.5	0	225
	0.8	0	247.5
	1.7	0	202.5
	2.5	0	180
	2.5	0	202.5
	3.3	0	202.5
	1.7	0	247.5
	1.7	0	225
	3.3	0	202.5
	3.3	0	180
	3.3	0	202.5
	4.1	0	180
	5.0	0	180
	5.8	0	180
	5.8	0	180
	5.8	0	202.5
	5.8	0	180
	5.0	0	180
	5.8	0	202.5
	5.0	0	180
	4.1	0	180
	2.5	0	225
	3.3	2	225
	3.3	2	202.5
	3.3	1	202.5
	1.7	0	202.5
	2.5	0	225
	3.3	0	270
	3.3	0	247.5
	3.3	0	270
	2.5	1	225
	1.7	0	225
	2.5	0	225
	1.7	0	225
	1.7	1	202.5
	2.5	1	247.5
	2.5	1	225
	2.5	0	225
	2.5	1	202.5
	1.7	0	157.5
	1.7	1	315
	2.5	0	270
	1.7	1	270
	1.7	1	315
	1.7	1	315
	1.7	1	0
	1.7	1	0
	0.8	1	337.5
	0.8	1	0
	0.8	1	337.5
	0.8	1	315
	0.0	1	0
	0.8	0	247.5
	2.5	0	292.5
	2.5	0	292.5
	0.8	0	270
	2.5	0	270
	0.8	0	225
	1.7	0	202.5
	1.7	0	247.5
	1.7	1	202.5
	1.7	0	225
	1.7	0	202.5
	1.7	0	225
	1.7	0	202.5
	0.8	0	247.5
	1.7	0	202.5
	1.7	0	202.5
	1.7	0	202.5
	1.7	0	225
	1.7	0	202.5
	1.7	0	225
	2.5	0	225
	1.7	0	225
	1.7	0	225
	1.7	0	225
	1.7	0	180
	0.0	0	0
	0.0	0	0
	0.0	0	0
	0.8	0	112.5
	0.0	0	0
	1.7	0	202.5
	0.8	0	225
	1.7	0	202.5
	1.7	0	202.5
	1.7	0	247.5
	1.7	0	180
	1.7	0	202.5
	1.7	0	225
	1.7	0	202.5
	3.3	0	225
	2.5	0	202.5
	2.5	0	202.5
	3.3	0	202.5
	3.3	0	225
	2.5	0	225
	0.8	0	225
	1.7	0	225
	0.8	0	225
	1.7	0	90
	1.7	0	67.5
	0.8	0	67.5
	0.8	0	112.5
	0.8	0	202.5
	0.8	0	225
	1.7	0	225
	0.8	0	202.5
	0.8	0	157.5
	5.0	0	202.5
	3.3	0	202.5
	5.0	0	180
	5.0	0	180
	5.0	0	180
	6.6	0	180
	5.8	0	157.5
	5.0	0	180
	4.1	0	180
	4.1	0	202.5
	3.3	0	247.5
	5.0	2	225
	2.5	0	270
	1.7	1	270
	1.7	1	225
	3.3	0	247.5
	2.5	1	247.5
	2.5	1	202.5
	2.5	0	202.5
	2.5	1	202.5
	1.7	1	157.5
	1.7	1	157.5
	1.7	1	202.5
	1.7	0	247.5
	1.7	0	247.5
	1.7	0	225
	0.8	0	247.5
	4.1	0	270
	1.7	1	225
	1.7	0	202.5
	0.8	0	225
	0.8	0	202.5
	1.7	0	157.5
	1.7	1	202.5
	0.8	0	270
	0.8	1	270
	1.7	0	202.5
	0.8	0	202.5
	2.5	0	225
	1.7	0	202.5
	1.7	0	202.5
	0.8	0	157.5
	1.7	0	157.5
	0.0	0	0
	1.7	0	270
	1.7	0	247.5
	1.7	0	225
	1.7	0	225
	1.7	0	202.5
	1.7	0	202.5
	1.7	0	180
	1.7	0	202.5
	1.7	0	202.5
	1.7	0	202.5
	1.7	0	202.5
	2.5	0	202.5
	1.7	0	202.5
	2.5	0	202.5
	2.5	0	225
	1.7	0	202.5
	0.8	0	225
	1.7	0	225
	1.7	0	225
	1.7	0	225
	1.7	0	202.5
	1.7	0	225
	1.7	0	202.5
	0.8	0	202.5
	1.7	0	247.5
	0.8	0	180
	1.7	0	247.5
	2.5	0	202.5
	1.7	0	247.5
	2.5	0	225
	1.7	0	247.5
	4.1	0	292.5
	1.7	0	315
	1.7	0	225
	0.8	1	337.5
	2.5	1	67.5
	2.5	0	90
	0.8	1	180
	1.7	1	247.5
	0.8	1	225
	0.8	2	225
	0.8	1	247.5
	0.8	1	270
	0.8	1	202.5
	1.7	1	0
	0.0	0	0
	0.8	1	180
	0.8	1	202.5
	0.8	0	247.5
	0.8	0	225
	1.7	0	202.5
	2.5	0	225
	1.7	0	225
	1.7	0	202.5
	0.8	0	225
	0.8	0	45
	1.7	0	225
	1.7	0	225
	1.7	0	225
	2.5	0	112.5
	2.5	0	90
	4.1	0	45
	1.7	0	90
	5.8	1	45
	4.1	1	67.5
	4.1	0	67.5
	5.8	0	67.5
	5.8	0	67.5
	7.4	0	45
	6.6	0	67.5
	7.4	0	45
	6.6	0	22.5
	6.6	0	45
	7.4	1	45
	6.6	0	45
	5.0	0	22.5
	4.1	0	22.5
	4.1	0	0
	4.1	1	22.5
	2.5	0	22.5
	1.7	0	135
	1.7	2	157.5
	1.7	4	247.5
	0.8	2	247.5
	1.7	2	270
	1.7	1	202.5
	0.8	1	247.5
	0.8	0	225
	1.7	0	202.5
	1.7	0	202.5
	1.7	0	225
	0.0	0	0
	1.7	0	315
	0.8	0	315
	1.7	0	337.5
	0.0	0	0
	1.7	0	225
	0.8	0	202.5
	2.5	0	225
	1.7	0	225
	1.7	0	247.5
	0.8	1	247.5
	2.5	2	180
	1.7	1	247.5
	1.7	1	315
	0.8	0	67.5
	4.1	3	22.5
	0.8	1	337.5
	1.7	0	225
	0.8	0	225
	1.7	0	247.5
	1.7	0	292.5
	1.7	0	292.5
	0.8	1	270
	2.5	1	337.5
	1.7	3	45
	1.7	0	112.5
	2.5	1	22.5
	1.7	0	45
	1.7	0	112.5
	1.7	1	112.5
	1.7	0	135
	0.8	2	135
	0.0	1	0
	0.8	0	135
	0.8	1	247.5
	0.8	0	247.5
	0.8	0	225
	2.5	0	202.5
	2.5	0	202.5
	1.7	0	225
	2.5	0	225
	1.7	0	225
	2.5	0	225
	2.5	0	202.5
	2.5	0	225
	1.7	0	247.5
	2.5	0	225
	1.7	0	180
	0.8	0	90
	2.5	0	22.5
	0.0	0	0
	0.8	0	270
	1.7	0	202.5
	0.8	0	225
	0.8	0	157.5
	1.7	0	225
	1.7	0	247.5
	1.7	0	225
	5.0	0	180
	5.8	0	180
	5.8	0	180
	5.0	0	180
	2.5	0	225
	3.3	0	180
	2.5	0	225
	2.5	1	202.5
	3.3	0	270
	3.3	0	270
	4.1	1	247.5
	3.3	0	225
	3.3	1	225
	2.5	1	225
	1.7	0	180
	3.3	0	247.5
	5.0	0	270
	2.5	0	225
	1.7	2	292.5
	3.3	2	270
	0.8	1	112.5
	0.8	1	202.5
	1.7	1	0
	3.3	1	22.5
	1.7	2	22.5
	3.3	1	0
	3.3	1	337.5
	2.5	0	337.5
	1.7	0	337.5
	1.7	0	270
	1.7	1	225
	0.8	4	225
	0.8	3	225
	1.7	3	247.5
	0.8	4	247.5
	1.7	1	225
	1.7	0	292.5
	2.5	0	315
	1.7	4	270
	0.8	3	22.5
	2.5	2	112.5
	2.5	2	315
	0.8	3	292.5
	2.5	0	135
	1.7	1	247.5
	2.5	0	202.5
	1.7	0	180
	1.7	0	202.5
	2.5	0	180
	1.7	0	225
	2.5	1	202.5
	2.5	3	180
	2.5	4	0
	5.8	3	337.5
	4.1	1	315
	2.5	0	247.5
	1.7	0	247.5
	0.8	0	225
	1.7	0	315
	2.5	1	292.5
	1.7	0	270
	2.5	1	247.5
	1.7	1	225
	1.7	0	180
	2.5	0	247.5
	2.5	1	247.5
	1.7	0	225
	1.7	2	225
	1.7	0	112.5
	1.7	0	157.5
	0.8	0	202.5
	1.7	1	157.5
	0.8	1	157.5
	0.8	0	180
	1.7	0	157.5
	1.7	1	225
	0.8	0	247.5
	2.5	0	202.5
	1.7	0	225
	2.5	0	202.5
	2.5	0	202.5
	2.5	0	225
	1.7	0	247.5
	2.5	0	202.5
	2.5	0	202.5
	2.5	0	202.5
	2.5	0	180
	2.5	0	180
	1.7	0	225
	2.5	0	247.5
	2.5	0	202.5
	1.7	0	225
	1.7	0	157.5
	2.5	0	202.5
	3.3	0	202.5
	4.1	0	180
	5.0	0	180
	5.0	0	180
	5.0	0	180
	5.0	0	180
	4.1	0	180
	4.1	0	180
	5.0	0	202.5
	5.8	0	202.5
	5.8	0	180
	5.0	0	180
	5.0	0	180
	5.0	0	180
	5.0	0	180
	4.1	0	225
	4.1	0	202.5
	3.3	0	225
	3.3	0	180
	5.0	0	225
	1.7	0	247.5
	2.5	0	225
	2.5	1	202.5
	0.8	0	225
	2.5	0	202.5
	1.7	0	225
	1.7	0	225
	1.7	2	315
	0.8	4	135
	0.8	1	225
	0.0	2	0
	0.8	1	180
	0.8	0	270
	0.8	0	225
	0.8	0	225
	1.7	0	247.5
	1.7	1	202.5
	1.7	0	225
	0.8	0	225
	0.8	0	45
	0.8	0	22.5
	1.7	0	90
	2.5	0	90
	2.5	0	45
	1.7	0	112.5
	1.7	0	225
	1.7	0	225
	1.7	0	225
	1.7	0	225
	0.8	0	225
	0.8	0	225
	0.8	0	202.5
	1.7	0	247.5
	1.7	0	202.5
	1.7	0	247.5
	2.5	0	270
	0.0	0	0
	2.5	0	202.5
	2.5	0	202.5
	2.5	0	247.5
	2.5	0	270
	4.1	0	292.5
	2.5	0	202.5
	5.0	1	180
	3.3	0	202.5
	1.7	0	202.5
	1.7	0	225
	1.7	1	225
	0.8	1	315
	1.7	1	315
	1.7	0	315
	0.8	1	157.5
	0.8	0	180
	2.5	0	292.5
	0.8	1	292.5
	0.8	0	157.5
	0.8	0	225
	1.7	0	247.5
	0.8	0	202.5
	0.8	0	292.5
	0.8	0	247.5
	0.8	0	225
	1.7	0	225
	2.5	0	225
	2.5	0	225
	2.5	0	225
	1.7	0	225
	1.7	0	225
	3.3	0	270
	2.5	0	292.5
	1.7	0	270
	1.7	0	247.5
	1.7	0	292.5
	1.7	0	292.5
	0.0	0	0
	1.7	0	247.5
	2.5	0	225
	1.7	0	225
	1.7	0	225
	1.7	0	225
	0.8	0	225
	1.7	0	225
	1.7	0	202.5
	1.7	0	225
	0.8	0	337.5
	0.0	0	0
	0.8	0	202.5
	1.7	0	225
	0.8	0	225
	0.8	0	292.5
	0.8	0	202.5
	0.8	0	337.5
	1.7	0	225
	1.7	0	202.5
	0.8	0	112.5
	1.7	0	135
	1.7	0	337.5
	0.0	0	0
	1.7	0	202.5
	0.8	0	270
	1.7	0	225
	0.8	0	225
	0.8	0	270
	0.8	0	292.5
	1.7	0	157.5
	0.8	0	247.5
	0.8	0	225
	1.7	0	225
	0.8	0	225
	0.0	0	0
	1.7	0	225
	0.0	0	0
	0.8	0	337.5
	1.7	0	315
	0.0	0	0
	0.8	0	315
	0.0	0	0
	0.8	0	67.5
	1.7	0	202.5
	0.0	0	0
	0.8	0	247.5
	0.0	0	0
	0.0	0	0
	1.7	0	225
	0.8	0	225
	0.8	0	225
	1.7	0	247.5
	2.5	0	225
	0.8	0	247.5
	0.8	0	225
	1.7	0	225
	1.7	0	225
	0.0	0	0
	1.7	0	202.5
	1.7	0	270
	1.7	0	292.5
	1.7	0	225
	1.7	0	225
	0.8	0	225
	1.7	0	315
	0.8	0	0
	1.7	0	22.5
	3.3	0	45
	3.3	0	45
	2.5	0	67.5
	2.5	0	67.5
	3.3	0	45
	4.1	0	45
	3.3	0	67.5
	1.7	0	67.5
	1.7	0	0
	0.0	0	0
	0.8	0	247.5
	0.8	0	202.5
	0.8	0	0
	0.8	0	225
	0.8	0	22.5
	1.7	0	45
	3.3	0	67.5
	3.3	0	67.5
	0.8	0	112.5
	1.7	0	90
	2.5	0	22.5
	3.3	0	45
	4.1	0	45
	4.1	0	45
	4.1	0	45
	2.5	0	45
	3.3	0	67.5
	1.7	0	90
	1.7	0	112.5
	0.0	0	0
	1.7	0	202.5
	0.8	0	225
	1.7	0	225
	1.7	0	225
	0.8	0	225
	0.8	0	157.5
	0.8	1	270
	0.8	1	225
	1.7	0	225
	0.8	1	225
	0.8	2	180
	1.7	1	225
	0.8	3	202.5
	1.7	2	67.5
	1.7	1	112.5
	2.5	0	292.5
	1.7	0	315
	1.7	0	0
	2.5	0	112.5
	1.7	1	22.5
	2.5	2	112.5
	1.7	0	157.5
	2.5	0	202.5
	3.3	0	225
	3.3	0	225
	3.3	0	225
	6.6	1	270
	8.3	0	270
	7.4	0	247.5
	5.0	0	247.5
	5.0	0	247.5
	5.0	0	247.5
	5.8	1	270
	3.3	0	270
	4.1	1	247.5
	3.3	0	270
	2.5	1	247.5
	2.5	0	247.5
	4.1	1	247.5
	2.5	0	247.5
	3.3	0	247.5
	2.5	0	247.5
	1.7	0	225
	1.7	0	247.5
	1.7	0	247.5
	1.7	1	270
	0.8	1	180
	0.8	0	270
	1.7	1	225
	2.5	0	225
	2.5	1	202.5
	0.8	0	247.5
	0.0	1	0
	1.7	0	247.5
	1.7	0	270
	1.7	0	225
	1.7	1	225
	1.7	0	202.5
	0.8	0	202.5
	2.5	0	225
	1.7	1	180
	1.7	0	180
	1.7	0	180
	1.7	0	202.5
	2.5	0	180
	1.7	0	180
	0.8	0	247.5
	0.8	0	180
	0.8	0	202.5
	0.8	0	202.5
	1.7	0	247.5
	1.7	0	202.5
	2.5	0	202.5
	2.5	0	225
	1.7	0	225
	2.5	0	225
	1.7	0	225
	1.7	0	225
	1.7	0	202.5
	1.7	0	225
	0.8	0	202.5
	1.7	0	225
	1.7	0	247.5
	2.5	0	202.5
	2.5	0	202.5
	1.7	0	202.5
	2.5	0	225
	0.8	0	225
	0.8	0	157.5
	0.0	0	0
	1.7	0	135
	0.8	0	180
	0.8	0	45
	0.8	0	0
	0.8	0	247.5
	0.8	0	135
	1.7	0	202.5
	2.5	0	225
	1.7	0	292.5
	2.5	0	225
	2.5	0	247.5
	1.7	0	202.5
	4.1	1	270
	4.1	0	270
	6.6	1	247.5
	2.5	1	247.5
	1.7	0	225
	3.3	1	225
	1.7	0	202.5
	1.7	0	270
	2.5	1	202.5
	1.7	0	225
	1.7	0	247.5
	1.7	0	202.5
	1.7	1	292.5
	0.8	0	247.5
	0.8	2	270
	1.7	1	202.5
	1.7	1	247.5
	0.8	0	247.5
	1.7	1	202.5
	1.7	0	202.5
	1.7	0	247.5
	1.7	0	270
	2.5	0	270
	1.7	0	292.5
	3.3	0	270
	2.5	0	247.5
	3.3	1	247.5
	1.7	1	270
	0.8	0	225
	0.8	1	225
	0.8	2	247.5
	1.7	1	202.5
	1.7	1	247.5
	2.5	1	247.5
	1.7	1	270
	2.5	0	292.5
	4.1	0	270
	3.3	0	292.5
	3.3	0	315
	3.3	0	270
	3.3	0	270
	1.7	0	247.5
	0.8	0	112.5
	2.5	0	180
	3.3	0	270
	1.7	0	225
	0.8	0	247.5
	0.8	1	135
	1.7	0	180
	1.7	0	180
	1.7	0	202.5
	1.7	1	225
	1.7	0	225
	1.7	0	225
	2.5	0	225
	0.8	0	157.5
	1.7	0	180
	1.7	0	135
	1.7	0	157.5
	1.7	0	180
	2.5	0	270
	1.7	0	315
	1.7	0	315
	1.7	0	247.5
	0.8	0	292.5
	0.8	0	270
	1.7	0	225
	0.0	0	0
	0.8	0	202.5
	0.8	0	180
	0.8	0	225
	1.7	0	225
	1.7	0	202.5
	0.8	0	247.5
	1.7	0	225
	0.8	0	225
	1.7	0	225
	1.7	0	225
	1.7	0	202.5
	0.8	0	225
	1.7	0	225
	1.7	0	225
	0.0	0	0
	0.8	0	225
	0.8	0	337.5
	0.8	0	337.5
	1.7	0	90
	1.7	0	90
	1.7	0	135
	0.8	0	292.5
	0.8	0	202.5
	1.7	0	247.5
	0.8	0	225
	2.5	0	270
	0.8	1	180
	0.8	1	225
	1.7	1	292.5
	1.7	1	270
	0.0	2	0
	0.8	3	22.5
	1.7	1	90
	0.8	2	292.5
	0.8	2	247.5
	0.8	1	202.5
	0.8	1	202.5
	1.7	0	180
	1.7	0	180
	0.8	0	292.5
	1.7	0	225
	0.8	0	135
	0.8	0	292.5
	1.7	0	180
	1.7	0	225
	0.8	0	247.5
	1.7	0	270
	0.8	0	225
	0.0	0	0
	0.8	0	247.5
	0.8	0	202.5
	1.7	0	202.5
	0.8	0	225
	0.0	0	0
	1.7	0	247.5
	0.8	0	225
	1.7	0	202.5
	0.8	0	225
	0.8	0	202.5
	1.7	0	225
	1.7	0	225
	0.8	0	202.5
	1.7	0	22.5
	2.5	0	0
	0.8	0	0
	2.5	0	22.5
	1.7	0	337.5
	1.7	0	67.5
	1.7	0	270
	1.7	0	202.5
	1.7	0	202.5
	1.7	0	225
	0.8	0	225
	0.0	0	0
	0.0	0	0
	0.8	0	225
	0.8	0	247.5
	0.8	0	270
	0.8	0	225
	0.8	0	180
	0.0	0	0
	0.0	0	0
	0.8	0	225
	1.7	0	225
	0.8	0	225
	0.8	0	225
	0.8	0	225
	0.0	0	0
	1.7	0	202.5
	0.8	1	225
	1.7	2	45
	0.0	4	0
	0.0	4	0
	0.8	5	247.5
	0.8	4	157.5
	1.7	2	135
	1.7	0	225
	1.7	0	225
	2.5	0	202.5
	1.7	0	247.5
	1.7	0	202.5
	1.7	0	225
	2.5	0	247.5
	1.7	0	270
	4.1	0	270
	2.5	0	247.5
	2.5	0	157.5
	1.7	0	225
	1.7	0	225
	2.5	0	247.5
	2.5	0	270
	0.0	0	0
	1.7	0	225
	1.7	1	180
	0.0	0	0
	2.5	0	247.5
	0.8	0	180
	2.5	0	270
	3.3	0	247.5
	3.3	0	225
	3.3	0	225
	3.3	0	247.5
	4.1	0	247.5
	2.5	0	225
	3.3	0	225
	2.5	0	270
	3.3	0	292.5
	1.7	0	270
	5.0	1	270
	4.1	1	270
	3.3	1	270
	5.0	1	270
	5.0	0	247.5
	6.6	1	247.5
	6.6	1	247.5
	6.6	3	247.5
	5.0	0	225
	5.0	0	247.5
	3.3	0	225
	5.0	0	247.5
	3.3	1	270
	4.1	0	247.5
	4.1	0	247.5
	4.1	0	225
	2.5	2	202.5
	1.7	1	180
	3.3	0	225
	5.0	0	247.5
	1.7	0	202.5
	3.3	2	247.5
	1.7	1	202.5
	1.7	0	247.5
	1.7	1	202.5
	1.7	0	202.5
	2.5	0	157.5
	1.7	0	225
	3.3	1	225
	3.3	0	225
	2.5	0	202.5
	3.3	0	202.5
	4.1	0	225
	4.1	0	225
	3.3	0	247.5
	4.1	0	292.5
	1.7	0	202.5
	0.8	0	292.5
	0.8	0	337.5
	0.8	0	225
	2.5	0	202.5
	1.7	0	202.5
	1.7	0	270
	1.7	0	202.5
	2.5	0	225
	1.7	0	180
	3.3	2	202.5
	1.7	1	180
	0.8	1	180
	1.7	1	202.5
	2.5	0	180
	2.5	1	180
	2.5	0	180
	3.3	0	180
	2.5	0	247.5
	2.5	0	225
	4.1	0	247.5
	1.7	0	225
	3.3	0	247.5
	2.5	1	225
	3.3	1	247.5
	4.1	1	247.5
	3.3	1	247.5
	5.0	2	247.5
	6.6	1	270
	5.8	2	247.5
	5.0	2	247.5
	3.3	0	247.5
	4.1	0	225
	2.5	0	225
	2.5	0	202.5
	2.5	0	202.5
	1.7	1	225
	0.8	0	180
	0.0	0	0
	1.7	0	180
	2.5	0	292.5
	3.3	1	135
	5.0	0	270
	2.5	0	225
	2.5	2	180
	3.3	2	157.5
	1.7	1	180
	1.7	1	202.5
	0.8	0	225
	0.8	0	247.5
	1.7	0	247.5
	0.8	0	157.5
	0.8	0	225
	0.8	0	225
	0.8	0	180
	0.8	0	202.5
	1.7	0	247.5
	0.8	0	225
	0.8	0	225
	1.7	0	225
	2.5	0	202.5
	0.8	0	202.5
	1.7	0	225
	0.8	0	202.5
	1.7	0	225
	0.8	0	225
	0.8	0	202.5
	0.8	0	90
	1.7	0	225
	0.8	0	292.5
	1.7	0	337.5
	1.7	0	315
	1.7	0	315
	1.7	0	225
	1.7	0	225
	2.5	0	225
	1.7	0	225
	0.8	0	202.5
	0.8	0	202.5
	0.8	0	202.5
	1.7	0	225
	2.5	0	225
	1.7	0	225
	1.7	0	225
	1.7	0	225
	0.8	0	225
	0.8	0	225
	1.7	0	225
	1.7	0	202.5
	0.8	0	315
	0.0	0	0
	1.7	0	0
	1.7	0	45
	1.7	0	22.5
	1.7	0	90
	1.7	0	90
	0.8	0	22.5
	0.8	0	247.5
	1.7	0	225
	1.7	0	247.5
	0.8	0	225
	1.7	0	225
	1.7	0	225
	1.7	0	225
	1.7	0	225
	0.8	0	225
	0.8	0	0
	0.8	0	135
	1.7	0	225
	1.7	0	225
	5.0	0	45
	5.8	0	45
	6.6	0	45
	5.8	0	67.5
	5.0	0	45
	5.0	0	45
	5.0	0	45
	4.1	0	45
	5.0	0	45
	4.1	0	45
	3.3	0	67.5
	4.1	0	67.5
	1.7	0	90
	0.8	0	225
	0.8	0	112.5
	0.8	0	22.5
	0.8	0	247.5
	0.8	0	225
	0.8	0	225
	0.8	0	202.5
	0.0	0	0
	0.8	1	247.5
	0.8	0	202.5
	0.8	1	90
	0.0	1	0
	0.0	1	0
	0.8	1	337.5
	1.7	1	67.5
	2.5	2	112.5
	1.7	1	225
	0.0	1	0
	0.8	2	180
	0.8	3	202.5
	0.0	1	0
	0.0	1	0
	0.8	2	270
	1.7	2	225
	0.8	1	225
	0.0	1	0
	0.0	0	0
	0.8	0	225
	0.8	0	225
	1.7	1	225
	1.7	2	225
	2.5	2	247.5
	0.8	0	270
	0.8	1	157.5
	1.7	1	270
	1.7	0	292.5
	1.7	1	270
	1.7	2	180
	1.7	0	202.5
	0.8	0	202.5
	1.7	0	270
	0.8	0	315
	1.7	0	270
	1.7	0	225
	0.8	0	247.5
	1.7	0	225
	1.7	0	202.5
	0.8	0	202.5
	0.8	0	180
	1.7	0	247.5
	0.8	0	225
	0.8	0	225
	0.8	0	180
	1.7	0	247.5
	1.7	0	202.5
	0.0	0	0
	1.7	0	247.5
	1.7	0	225
	1.7	0	202.5
	1.7	0	225
	0.8	0	90
	0.0	0	0
	1.7	0	202.5
	1.7	0	292.5
	0.8	0	315
	0.8	0	247.5
	0.8	1	202.5
	0.8	0	270
	0.8	0	270
	2.5	0	202.5
	1.7	1	270
	0.8	0	315
	1.7	0	247.5
	0.8	0	202.5
	0.8	0	225
	0.8	0	270
	1.7	0	202.5
	1.7	1	247.5
	1.7	0	225
	2.5	1	270
	2.5	2	337.5
	1.7	1	337.5
	1.7	1	337.5
	1.7	0	337.5
	1.7	0	270
	0.8	0	0
	0.8	0	247.5
	1.7	0	180
	1.7	0	180
	0.8	0	202.5
	1.7	0	292.5
	3.3	0	292.5
	2.5	0	292.5
	2.5	0	270
	0.8	0	270
	1.7	0	292.5
	2.5	0	292.5
	1.7	0	315
	1.7	0	292.5
	1.7	0	225
	0.8	0	225
	1.7	0	225
	1.7	0	202.5
	1.7	0	225
	1.7	0	225
	1.7	0	202.5
	0.8	0	225
	0.8	0	202.5
	1.7	0	202.5
	1.7	0	247.5
	0.8	0	315
	1.7	0	315
	1.7	0	157.5
	1.7	0	45
	0.8	0	225
	0.8	0	157.5
	1.7	0	225
	1.7	0	247.5
	0.8	0	247.5
	1.7	0	247.5
	0.8	0	202.5
	0.8	0	270
	2.5	0	202.5
	1.7	0	225
	2.5	0	225
	1.7	0	225
	2.5	0	225
	2.5	0	225
	1.7	0	202.5
	1.7	0	247.5
	1.7	0	225
	1.7	0	225
	2.5	0	225
	1.7	0	225
	3.3	0	292.5
	2.5	0	247.5
	1.7	0	202.5
	4.1	0	292.5
	3.3	0	292.5
	2.5	0	292.5
	1.7	0	270
	2.5	0	270
	2.5	0	247.5
	3.3	0	292.5
	1.7	1	292.5
	0.8	1	247.5
	2.5	0	112.5
	0.8	1	45
	0.8	1	157.5
	1.7	0	180
	1.7	0	315
	0.8	0	270
	0.8	0	202.5
	1.7	0	202.5
	0.8	0	247.5
	1.7	0	202.5
	1.7	0	202.5
	0.8	0	270
	0.8	0	292.5
	1.7	0	180
	1.7	0	292.5
	4.1	0	337.5
	2.5	0	0
	1.7	0	22.5
	1.7	0	22.5
	2.5	0	67.5
	1.7	0	112.5
	2.5	0	112.5
	0.8	0	225
	2.5	0	247.5
	1.7	0	247.5
	0.8	0	202.5
	0.8	0	157.5
	0.8	0	225
	1.7	0	247.5
	0.8	0	202.5
	0.8	0	202.5
	0.8	0	202.5
	1.7	0	180
	1.7	0	225
	1.7	0	247.5
	0.0	0	0
	0.0	0	0
	0.8	0	180
	1.7	0	202.5
	0.8	0	202.5
	1.7	0	202.5
	1.7	0	247.5
	1.7	0	180
	0.8	0	225
	0.8	0	270
	0.8	0	247.5
	1.7	0	225
	1.7	0	225
	1.7	0	225
	1.7	0	225
	1.7	0	270
	0.8	0	225
	0.8	0	202.5
	1.7	0	247.5
	1.7	0	225
	0.8	0	270
	1.7	0	157.5
	0.8	0	180
	1.7	0	315
	1.7	0	90
	0.8	0	157.5
	1.7	0	247.5
	5.8	0	180
	7.4	0	180
	8.3	0	202.5
	8.3	0	180
	7.4	0	180
	8.3	0	180
	6.6	1	180
	6.6	1	180
	3.3	0	180
	4.1	2	202.5
	1.7	1	225
	3.3	1	315
	2.5	2	225
	0.8	4	225
	3.3	1	247.5
	2.5	2	270
	1.7	1	315
	0.8	6	315
	2.5	3	0
	4.1	2	0
	1.7	3	22.5
	0.0	3	0
	0.8	1	292.5
	0.0	0	0
	1.7	0	292.5
	0.8	0	0
	0.8	0	135
	1.7	0	202.5
	1.7	0	247.5
	1.7	0	202.5
	2.5	0	292.5
	2.5	0	202.5
	1.7	0	247.5
	0.8	0	247.5
	0.8	0	225
	1.7	0	315
	2.5	1	0
	3.3	0	0
	0.8	0	337.5
	0.8	0	202.5
	0.8	0	135
	0.8	0	202.5
	0.0	0	0
	0.8	1	337.5
	0.0	2	0
	2.5	0	22.5
	3.3	1	45
	3.3	0	45
	3.3	0	67.5
	3.3	0	45
	3.3	0	67.5
	4.1	0	45
	4.1	0	45
	5.0	0	67.5
	2.5	0	67.5
	3.3	0	67.5
	2.5	0	67.5
	0.8	0	180
	0.8	0	202.5
	1.7	0	180
	0.0	0	0
	0.8	0	157.5
	1.7	0	135
	0.8	0	22.5
	1.7	0	90
	0.8	0	135
	0.8	0	180
	1.7	0	225
	0.8	0	225
	0.0	1	0
	2.5	1	67.5
	0.8	1	67.5
	0.8	0	22.5
	0.8	1	112.5
	0.8	2	270
	0.8	2	337.5
	1.7	3	0
	2.5	3	45
	0.8	4	0
	0.8	2	270
	0.8	2	180
	1.7	0	292.5
	3.3	1	292.5
	1.7	0	225
	0.8	1	180
	1.7	0	180
	1.7	0	225
	0.8	0	247.5
	1.7	0	225
	1.7	0	225
	0.8	0	180
	0.8	0	202.5
	1.7	0	270
	0.8	0	202.5
	0.8	0	180
	2.5	0	270
	3.3	0	270
	1.7	0	247.5
	0.8	0	270
	1.7	0	202.5
	0.8	0	180
	0.8	0	225
	0.8	0	202.5
	1.7	0	247.5
	1.7	0	225
	0.8	0	202.5
	2.5	0	225
	1.7	0	225
	1.7	0	202.5
	1.7	0	247.5
	0.8	0	247.5
	1.7	0	225
	1.7	0	225
	1.7	0	225
	1.7	0	225
	2.5	0	225
	1.7	0	202.5
	1.7	0	202.5
	0.8	0	247.5
	1.7	0	270
	1.7	0	225
	0.8	0	247.5
	0.8	0	157.5
	2.5	0	112.5
	1.7	0	135
	1.7	0	112.5
	0.8	0	157.5
	0.8	0	225
	1.7	0	202.5
	1.7	0	247.5
	1.7	0	202.5
	1.7	0	225
	0.8	0	225
	1.7	0	225
	0.8	0	225
	1.7	0	225
	1.7	0	225
	0.8	0	180
	0.8	0	180
	1.7	0	90
	0.8	0	0
	1.7	0	90
	0.8	0	180
	2.5	0	180
	4.1	0	135
	1.7	0	90
	1.7	0	337.5
	5.8	0	22.5
	5.8	0	22.5
	5.8	0	45
	1.7	0	45
	5.8	0	45
	3.3	0	67.5
	4.1	0	45
	5.0	0	22.5
	4.1	0	22.5
	5.0	0	22.5
	5.8	0	22.5
	5.0	0	22.5
	5.0	0	22.5
	5.0	0	22.5
	5.0	0	22.5
	4.1	0	22.5
	5.0	0	22.5
	3.3	0	45
	4.1	0	45
	5.0	0	22.5
	4.1	0	22.5
	5.8	0	45
	5.0	0	45
	4.1	0	45
	4.1	0	22.5
	4.1	0	45
	4.1	0	45
	3.3	0	45
	2.5	0	67.5
	1.7	0	135
	1.7	0	202.5
	0.8	0	247.5
	0.8	0	180
	0.8	0	225
	1.7	0	225
	1.7	0	225
	1.7	0	225
	1.7	0	247.5
	0.0	0	0
	0.8	0	225
	0.8	0	225
	0.8	0	0
	0.8	0	0
	1.7	0	0
	1.7	0	22.5
	2.5	0	22.5
	2.5	0	22.5
	1.7	0	0
	0.8	0	22.5
	1.7	0	22.5
	1.7	0	0
	1.7	0	337.5
	0.8	0	157.5
	1.7	0	202.5
	1.7	0	225
	2.5	0	225
	1.7	0	202.5
	4.1	0	180
	3.3	0	180
	3.3	0	180
	3.3	0	180
	3.3	0	180
	4.1	0	157.5
	5.8	0	157.5
	4.1	0	180
	4.1	0	202.5
	2.5	1	225
	4.1	1	202.5
	4.1	1	135
	2.5	0	135
	2.5	1	112.5
	3.3	1	67.5
	1.7	3	22.5
	1.7	2	112.5
	1.7	4	202.5
	1.7	4	202.5
	1.7	1	247.5
	0.8	0	22.5
	0.8	0	180
	1.7	0	202.5
	1.7	0	270
	1.7	0	180
	0.8	0	270
	0.8	0	180
	0.8	0	247.5
	0.8	0	270
	0.0	0	0
	0.8	0	225
	1.7	1	247.5
	0.0	0	0
	3.3	0	22.5
	5.0	0	45
	4.1	0	45
	3.3	0	22.5
	4.1	0	22.5
	2.5	0	22.5
	3.3	0	22.5
	3.3	0	22.5
	3.3	0	45
	2.5	0	67.5
	0.8	0	22.5
	0.8	0	202.5
	1.7	0	225
	0.0	0	0
	0.0	0	0
	1.7	0	112.5
	0.8	0	67.5
	0.8	0	337.5
	0.8	0	202.5
	0.0	0	0
	2.5	0	22.5
	1.7	0	67.5
	1.7	1	135
	3.3	0	337.5
	5.0	2	67.5
	5.8	2	45
	6.6	3	22.5
	5.0	2	22.5
	4.1	3	45
	1.7	2	45
	1.7	2	67.5
	2.5	0	67.5
	0.8	0	90
	0.0	0	0
	1.7	0	225
	1.7	0	247.5
	1.7	0	247.5
	1.7	0	45
	1.7	0	90
	0.0	0	0
	0.0	0	0
	0.8	0	157.5
	0.8	0	202.5
	0.8	0	315
	0.8	0	90
	0.8	0	225
	0.8	0	202.5
	1.7	0	0
	0.8	0	22.5
	3.3	0	22.5
	2.5	0	22.5
	2.5	0	0
	3.3	0	0
	1.7	0	22.5
	3.3	0	45
	3.3	0	22.5
	4.1	0	45
	4.1	0	45
	4.1	0	45
	3.3	0	45
	1.7	0	202.5
	0.8	0	202.5
	1.7	0	292.5
	1.7	0	202.5
	0.8	0	270
	0.8	0	225
	0.8	0	202.5
	0.8	1	247.5
	0.0	0	0
	0.8	0	225
	0.8	1	180
	0.8	3	202.5
	0.8	1	157.5
	0.8	1	202.5
	1.7	0	225
	0.8	1	270
	0.8	0	292.5
	0.8	0	22.5
	0.0	0	0
	0.8	0	202.5
	0.8	0	202.5
	0.8	0	247.5
	0.8	0	202.5
	1.7	0	225
	1.7	0	225
	1.7	0	225
	1.7	0	247.5
	0.8	0	225
	0.0	0	0
	0.8	2	270
	0.8	0	225
	1.7	0	225
	1.7	0	247.5
	0.8	0	135
	3.3	0	45
	3.3	0	45
	2.5	0	22.5
	4.1	0	22.5
	3.3	0	0
	4.1	0	22.5
	4.1	0	45
	3.3	0	22.5
	4.1	0	22.5
	5.8	0	45
	4.1	0	45
	4.1	0	45
	2.5	0	45
	2.5	0	45
	0.8	0	157.5
	1.7	0	225
	1.7	0	247.5
	1.7	0	225
	1.7	0	202.5
	1.7	0	112.5
	0.8	0	180
	1.7	0	225
	2.5	0	225
	2.5	0	202.5
	1.7	0	225
	1.7	0	0
	2.5	0	22.5
	3.3	0	22.5
	5.0	0	22.5
	4.1	0	22.5
	4.1	0	22.5
	4.1	0	22.5
	3.3	0	22.5
	4.1	0	45
	4.1	0	45
	4.1	0	45
	2.5	0	45
	0.0	0	0
	1.7	0	202.5
	0.0	0	0
	0.8	0	225
	1.7	0	247.5
	1.7	0	225
	1.7	0	180
	1.7	0	247.5
	2.5	0	225
	0.8	0	225
	1.7	0	225
	0.8	0	202.5
	1.7	0	157.5
	3.3	0	22.5
	2.5	0	0
	3.3	0	22.5
	3.3	0	0
	3.3	0	22.5
	3.3	0	22.5
	3.3	0	22.5
	4.1	0	45
	0.8	0	22.5
	0.8	0	45
	1.7	0	22.5
	1.7	0	202.5
	2.5	0	225
	1.7	0	225
	0.8	0	135
	0.8	0	157.5
	1.7	0	247.5
	0.8	0	90
	2.5	0	225
	5.0	0	180
	4.1	0	202.5
	5.0	0	180
	5.8	0	180
	5.0	0	202.5
	5.8	0	202.5
	4.1	0	180
	5.8	0	202.5
	5.0	0	180
	5.0	0	202.5
	5.0	0	202.5
	6.6	0	202.5
	6.6	0	180
	7.4	0	180
	6.6	0	180
	5.8	0	180
	7.4	0	202.5
	6.6	0	180
	6.6	0	157.5
	8.3	0	157.5
	5.0	0	180
	5.8	0	180
	5.8	1	180
	5.0	1	180
	3.3	0	180
	4.1	2	270
	3.3	2	292.5
	3.3	1	292.5
	1.7	1	292.5
	3.3	1	22.5
	1.7	0	90
	1.7	0	225
	1.7	0	337.5
	4.1	0	22.5
	5.0	0	45
	5.0	0	45
	5.8	0	45
	5.0	0	45
	3.3	0	45
	5.0	0	45
	2.5	0	22.5
	0.8	0	45
	1.7	0	22.5
	1.7	0	67.5
	0.8	0	90
	0.0	0	0
	1.7	0	225
	0.0	0	0
	1.7	0	157.5
	1.7	0	0
	0.8	0	0
	0.8	4	315
	0.8	7	180
	0.8	4	0
	1.7	3	67.5
	0.8	2	45
	1.7	1	22.5
	0.8	1	292.5
	5.8	1	315
	0.0	1	0
	0.8	2	247.5
	1.7	2	180
	0.8	1	225
	2.5	0	270
	5.8	0	270
	2.5	0	270
	1.7	0	270
	0.8	0	202.5
	1.7	0	247.5
	1.7	0	270
	0.8	0	247.5
	0.8	0	292.5
	0.8	0	135
	0.8	0	225
	0.0	0	0
	0.0	0	0
	0.8	0	202.5
	0.0	0	0
	1.7	0	0
	2.5	0	45
	1.7	0	67.5
	0.8	0	90
	2.5	0	22.5
	1.7	0	22.5
	1.7	0	337.5
	0.8	0	0
	1.7	0	112.5
	1.7	0	180
	1.7	0	225
	1.7	0	247.5
	2.5	0	225
	1.7	0	247.5
	0.8	0	270
	1.7	0	247.5
	2.5	0	225
	1.7	0	247.5
	1.7	0	247.5
	1.7	0	247.5
	0.8	0	225
	0.8	0	225
	0.8	0	180
	1.7	0	225
	1.7	0	22.5
	1.7	0	315
	2.5	0	22.5
	3.3	0	22.5
	1.7	0	0
	1.7	0	22.5
	2.5	0	337.5
	1.7	0	0
	1.7	0	22.5
	4.1	0	315
	3.3	3	292.5
	1.7	1	180
	4.1	0	135
	4.1	0	135
	2.5	0	180
	1.7	0	292.5
	3.3	3	292.5
	2.5	0	225
	2.5	0	202.5
	2.5	0	225
	0.8	0	180
	2.5	0	180
	3.3	0	247.5
	2.5	0	225
	2.5	0	202.5
	3.3	0	292.5
	3.3	0	225
	3.3	0	270
	2.5	0	270
	2.5	0	202.5
	5.0	0	292.5
	4.1	0	270
	1.7	0	247.5
	0.8	0	225
	1.7	0	202.5
	1.7	0	247.5
	1.7	0	225
	0.8	0	202.5
	1.7	0	180
	1.7	1	247.5
	1.7	0	135
	1.7	0	202.5
	0.8	0	247.5
	1.7	0	225
	1.7	0	247.5
	4.1	0	270
	2.5	0	315
	3.3	1	180
	3.3	0	180
	3.3	0	225
	3.3	1	202.5
	1.7	0	225
	4.1	0	315
	3.3	0	315
	1.7	0	292.5
	0.8	0	157.5
	0.8	0	225
	2.5	1	202.5
	1.7	1	225
	0.8	0	225
	1.7	0	247.5
	0.8	0	225
	1.7	0	270
	0.8	0	202.5
	1.7	0	202.5
	2.5	0	202.5
	1.7	0	225
	1.7	0	202.5
	1.7	0	270
	0.8	0	180
	1.7	0	157.5
	1.7	0	247.5
	0.8	0	247.5
	0.8	0	270
	0.8	0	180
	0.8	0	315
	0.8	0	337.5
	2.5	0	337.5
	2.5	0	0
	2.5	0	292.5
	0.8	0	292.5
	0.8	0	157.5
	0.8	0	225
	1.7	0	225
	0.8	0	247.5
	0.8	0	202.5
	1.7	0	225
	0.8	0	202.5
	1.7	0	225
	3.3	0	225
	2.5	0	225
	2.5	0	247.5
	1.7	0	225
	2.5	0	202.5
	3.3	0	180
	2.5	0	202.5
	2.5	0	202.5
	2.5	0	225
	2.5	0	270
	2.5	0	270
	3.3	0	22.5
	2.5	0	22.5
	2.5	0	45
	0.8	0	67.5
	0.8	0	90
	1.7	0	202.5
	5.0	0	180
	5.0	0	202.5
	5.0	0	180
	5.0	0	180
	5.0	0	180
	4.1	0	180
	5.0	0	180
	5.0	0	202.5
	4.1	0	180
	4.1	0	202.5
	5.0	0	180
	4.1	0	180
	5.8	0	202.5
	5.8	0	180
	5.0	0	180
	5.0	0	202.5
	2.5	0	225
	4.1	0	225
	1.7	0	180
	1.7	0	22.5
	1.7	0	22.5
	1.7	0	180
	3.3	0	202.5
	3.3	0	180
	1.7	0	67.5
	2.5	0	157.5
	5.8	0	180
	7.4	0	202.5
	6.6	1	180
	8.3	1	180
	9.1	0	180
	7.4	0	180
	5.8	1	225
	4.1	0	225
	3.3	0	67.5
	1.7	0	270
	2.5	5	112.5
	2.5	7	157.5
	5.0	4	112.5
	4.1	1	292.5
	3.3	0	270
	2.5	0	247.5
	2.5	0	225
	2.5	0	225
	0.8	1	180
	0.0	0	0
	1.7	0	292.5
	1.7	0	247.5
	3.3	0	270
	2.5	0	270
	1.7	0	225
	2.5	0	225
	2.5	0	270
	1.7	0	225
	0.8	0	157.5
	1.7	0	180
	1.7	0	202.5
	1.7	0	270
	1.7	0	180
	1.7	0	180
	2.5	0	225
	2.5	0	270
	3.3	0	270
	4.1	0	270
	2.5	0	292.5
	2.5	0	202.5
	5.0	0	247.5
	5.0	0	270
	2.5	0	247.5
	2.5	0	247.5
	2.5	0	247.5
	2.5	0	270
	2.5	0	247.5
	2.5	1	247.5
	2.5	0	225
	1.7	0	180
	0.8	0	225
	1.7	0	225
	1.7	0	247.5
	1.7	0	225
	2.5	0	225
	1.7	0	225
	0.8	0	202.5
	0.8	0	202.5
	1.7	0	270
	1.7	0	90
	1.7	0	315
	2.5	0	0
	3.3	0	22.5
	2.5	0	45
	2.5	0	45
	2.5	0	22.5
	1.7	0	45
	1.7	0	22.5
	0.0	0	0
	0.0	0	0
	1.7	0	22.5
	0.8	0	247.5
	0.8	0	225
	1.7	0	247.5
	0.8	0	180
	0.8	0	225
	1.7	0	247.5
	0.8	0	270
	0.0	0	0
	0.8	0	337.5
	0.0	0	0
	0.8	0	225
	0.0	0	0
	1.7	0	0
	1.7	0	337.5
	2.5	0	315
	3.3	0	337.5
	2.5	0	337.5
	2.5	0	337.5
	0.8	0	292.5
	1.7	0	202.5
	2.5	0	225
	1.7	0	315
	0.8	0	0
	1.7	0	202.5
	0.8	0	315
	1.7	0	315
	0.8	0	292.5
	1.7	0	315
	0.8	0	157.5
	0.8	0	225
	0.8	0	225
	1.7	0	247.5
	0.8	0	270
	0.0	0	0
	0.8	0	67.5
	0.8	0	67.5
	1.7	0	67.5
	1.7	0	67.5
	1.7	0	45
	2.5	0	45
	4.1	0	45
	4.1	0	22.5
	3.3	0	45
	2.5	0	22.5
	1.7	0	0
	2.5	0	315
	1.7	0	315
	0.8	0	292.5
	0.8	0	270
	1.7	0	247.5
	1.7	0	292.5
	2.5	0	202.5
	0.8	0	225
	0.8	0	225
	0.8	0	225
	0.8	0	202.5
	0.8	0	202.5
	0.0	0	0
	1.7	0	180
	0.8	0	45
	3.3	0	22.5
	2.5	0	22.5
	3.3	0	45
	3.3	0	22.5
	4.1	0	22.5
	3.3	0	22.5
	2.5	0	22.5
	1.7	0	0
	0.8	0	22.5
	1.7	0	315
	0.0	0	0
	0.0	0	0
	0.8	0	225
	0.8	0	270
	0.8	0	0
	0.8	0	247.5
	0.8	0	0
	0.8	0	157.5
	1.7	0	202.5
	0.8	0	315
	0.8	0	22.5
	0.8	0	45
	1.7	0	45
	0.8	0	0
	2.5	0	22.5
	2.5	0	45
	2.5	0	22.5
	1.7	0	0
	2.5	0	22.5
	2.5	0	0
	1.7	0	0
	1.7	0	0
	2.5	0	0
	0.8	0	22.5
	0.8	0	22.5
	0.8	0	337.5
	0.8	0	22.5
	1.7	0	22.5
	0.8	0	0
	0.0	0	0
	0.8	0	270
	0.8	0	292.5
	0.8	0	337.5
	1.7	0	0
	2.5	0	45
	0.8	0	22.5
	2.5	0	0
	2.5	0	0
	2.5	0	22.5
	2.5	0	22.5
	3.3	0	45
	5.0	0	22.5
	3.3	0	0
	1.7	0	0
	4.1	0	22.5
	5.0	0	45
	4.1	1	45
	2.5	1	0
	2.5	1	67.5
	2.5	3	45
	1.7	3	45
	2.5	3	22.5
	3.3	2	22.5
	0.8	3	67.5
	0.0	2	0
	0.0	1	0
	0.0	2	0
	0.0	1	0
	0.8	2	315
	0.0	2	0
	1.7	3	180
	0.0	2	0
	0.0	3	0
	0.0	1	0
	0.8	0	22.5
	1.7	2	337.5
	0.8	0	315
	0.8	0	315
	0.8	1	315
	0.0	0	0
	1.7	0	292.5
	1.7	0	247.5
	1.7	0	270
	0.8	0	247.5
	0.8	0	225
	0.8	0	247.5
	0.8	0	202.5
	1.7	0	225
	1.7	0	247.5
	1.7	0	225
	1.7	0	225
	1.7	0	270
	0.8	0	292.5
	0.8	0	225
	1.7	0	315
	1.7	0	270
	1.7	1	202.5
	1.7	0	225
	0.0	0	0
	1.7	0	270
	1.7	0	315
	2.5	0	0
	2.5	0	337.5
	1.7	0	22.5
	1.7	0	315
	1.7	0	337.5
	1.7	0	315
	1.7	0	337.5
	0.8	0	315
	0.8	0	225
	0.0	0	0
	0.8	0	135
	0.8	0	157.5
	0.8	0	67.5
	0.8	0	135
	0.8	0	22.5
	0.8	0	292.5
	1.7	0	292.5
	1.7	0	292.5
	0.8	0	270
	2.5	0	45
	2.5	0	67.5
	2.5	0	22.5
	1.7	0	67.5
	3.3	0	0
	3.3	0	22.5
	2.5	0	0
	2.5	0	22.5
	2.5	0	0
	1.7	0	337.5
	1.7	0	315
	0.8	0	315
	0.0	0	0
	0.8	0	292.5
	0.8	0	22.5
	0.8	0	202.5
	0.8	0	292.5
	0.8	0	292.5
	0.8	0	90
	3.3	0	292.5
	2.5	0	292.5
	0.8	0	292.5
	2.5	0	315
	1.7	0	337.5
	0.8	1	0
	0.8	1	292.5
	0.8	2	270
	2.5	0	315
	3.3	1	292.5
	0.8	2	247.5
	2.5	3	270
	4.1	2	292.5
	2.5	1	270
	3.3	1	292.5
	4.1	0	270
	2.5	0	247.5
	0.8	1	180
	0.8	0	292.5
	0.8	0	247.5
	0.8	0	225
	2.5	0	247.5
	2.5	0	270
	2.5	0	270
	0.8	0	247.5
	0.0	0	0
	0.0	0	0
	1.7	0	225
	2.5	0	270
	2.5	0	292.5
	1.7	0	315
	2.5	0	22.5
	2.5	0	22.5
	3.3	0	45
	3.3	0	22.5
	2.5	0	0
	2.5	0	22.5
	2.5	0	315
	1.7	0	292.5
	1.7	0	315
	0.8	0	292.5
	0.0	0	0
	0.8	0	270
	1.7	0	202.5
	0.8	0	202.5
	1.7	0	225
	0.8	0	225
	1.7	0	225
	1.7	0	225
	0.8	0	225
	0.8	0	225
	0.8	0	112.5
	1.7	0	22.5
	2.5	0	22.5
	2.5	0	22.5
	2.5	0	22.5
	2.5	0	45
	3.3	0	45
	4.1	0	22.5
	5.0	0	22.5
	4.1	0	22.5
	2.5	0	22.5
	1.7	0	22.5
	1.7	0	0
	1.7	0	315
	1.7	0	247.5
	1.7	0	270
	0.8	0	180
	1.7	0	202.5
	0.8	0	180
	0.8	0	22.5
	0.8	0	135
	0.8	0	202.5
	0.8	0	202.5
	0.8	0	270
	1.7	0	22.5
	1.7	0	22.5
	1.7	0	67.5
	2.5	0	22.5
	1.7	0	22.5
	2.5	0	45
	2.5	0	0
	4.1	0	45
	3.3	0	22.5
	3.3	0	22.5
	2.5	0	22.5
	1.7	0	22.5
	1.7	0	22.5
	2.5	0	45
	1.7	0	90
	0.0	0	0
	0.0	0	0
	0.8	0	157.5
	1.7	0	202.5
	1.7	0	202.5
	0.8	0	225
	1.7	0	202.5
	0.8	0	90
	0.8	0	270
	0.8	0	67.5
	1.7	0	22.5
	2.5	0	22.5
	3.3	0	0
	3.3	0	0
	4.1	0	45
	3.3	0	22.5
	3.3	0	0
	2.5	0	22.5
	2.5	0	315
	1.7	0	315
	0.8	0	337.5
	4.1	0	202.5
	3.3	0	180
	2.5	0	225
	2.5	0	202.5
	3.3	0	202.5
	4.1	0	247.5
	3.3	0	247.5
	4.1	1	247.5
	1.7	3	247.5
	0.8	2	135
	2.5	2	90
	0.8	0	67.5
	0.8	0	270
	3.3	0	292.5
	3.3	0	270
	5.0	0	270
	5.0	0	270
	4.1	3	292.5
	5.0	0	270
	5.8	0	292.5
	5.0	0	270
	4.1	0	270
	2.5	0	247.5
	2.5	0	247.5
	3.3	0	270
	2.5	0	270
	0.8	0	157.5
	1.7	0	225
	1.7	0	202.5
	1.7	0	247.5
	1.7	0	225
	1.7	0	202.5
	1.7	0	225
	1.7	0	202.5
	1.7	0	225
	1.7	0	202.5
	0.8	0	180
	1.7	0	0
	3.3	0	45
	2.5	0	22.5
	5.0	0	22.5
	3.3	0	22.5
	3.3	0	22.5
	3.3	0	22.5
	2.5	0	22.5
	3.3	0	22.5
	3.3	0	22.5
	0.8	0	0
	0.8	0	0
	0.8	0	292.5
	0.8	0	247.5
	0.8	0	202.5
	0.8	0	202.5
	0.8	0	202.5
	0.8	0	0
	0.0	0	0
	1.7	0	202.5
	3.3	0	202.5
	3.3	0	180
	3.3	0	202.5
	4.1	0	180
	5.0	0	180
	4.1	0	180
	4.1	0	202.5
	4.1	0	22.5
	4.1	0	45
	3.3	0	22.5
	2.5	0	337.5
	1.7	0	22.5
	1.7	0	337.5
	0.0	0	0
	2.5	0	202.5
	1.7	0	135
	0.8	0	157.5
	0.8	2	315
	0.8	1	22.5
	1.7	2	337.5
	1.7	3	22.5
	3.3	3	112.5
	2.5	1	337.5
	1.7	0	67.5
	3.3	0	315
	2.5	3	135
	1.7	1	135
	1.7	0	202.5
	0.8	0	247.5
	1.7	0	247.5
	0.8	0	270
	3.3	0	270
	4.1	0	292.5
	3.3	0	270
	3.3	0	292.5
	2.5	0	337.5
	2.5	0	292.5
	1.7	0	292.5
	3.3	0	22.5
	3.3	0	45
	2.5	0	45
	2.5	0	90
	0.8	0	67.5
	0.8	0	337.5
	0.0	0	0
	2.5	0	292.5
	1.7	0	337.5
	0.0	0	0
	1.7	0	315
	5.0	0	292.5
	5.0	9	270
	7.4	1	270
	3.3	0	247.5
	1.7	0	225
	1.7	0	225
	3.3	0	270
	5.0	0	292.5
	2.5	0	202.5
	1.7	0	292.5
	2.5	0	315
	1.7	0	270
	1.7	0	180
	2.5	0	157.5
	1.7	0	225
	0.8	0	247.5
	1.7	0	225
	1.7	0	225
	1.7	0	202.5
	1.7	0	225
	1.7	0	225
	1.7	0	225
	0.8	0	225
	1.7	0	225
	1.7	0	225
	1.7	0	202.5
	0.0	0	0
	1.7	0	45
	2.5	0	22.5
	2.5	0	45
	3.3	0	45
	2.5	0	22.5
	2.5	0	22.5
	3.3	0	22.5
	1.7	0	0
	2.5	0	22.5
	1.7	0	337.5
	0.8	0	22.5
	1.7	0	292.5
	0.0	0	0
	0.0	0	0
	0.8	0	225
	0.8	0	202.5
	0.0	0	0
	0.8	0	225
	2.5	0	202.5
	1.7	0	247.5
	2.5	0	202.5
	5.0	0	180
	6.6	0	180
	6.6	0	202.5
	5.0	0	180
	3.3	0	180
	2.5	0	202.5
	1.7	0	0
	1.7	0	90
	0.8	0	180
	3.3	0	202.5
	5.0	0	202.5
	4.1	0	202.5
	4.1	0	202.5
	5.0	0	180
	5.8	0	180
	5.0	0	180
	4.1	0	180
	5.8	0	202.5
	5.0	1	202.5
	6.6	0	292.5
	9.1	0	270
	5.8	2	270
	1.7	2	202.5
	0.8	2	157.5
	2.5	2	135
	0.8	3	157.5
	1.7	2	135
	3.3	1	135
	3.3	0	157.5
	2.5	0	180
	1.7	0	180
	1.7	0	292.5
	4.1	0	270
	4.1	0	270
	4.1	0	270
	5.0	0	270
	3.3	0	292.5
	2.5	0	292.5
	0.0	0	0
	0.8	0	202.5
	0.8	0	225
	1.7	0	225
	1.7	0	247.5
	1.7	0	225
	2.5	0	247.5
	1.7	0	225
	1.7	0	225
	0.8	0	247.5
	1.7	0	225
	0.8	0	202.5
	0.8	0	225
	1.7	0	45
	2.5	0	45
	2.5	0	0
	4.1	0	45
	4.1	0	45
	4.1	0	22.5
	3.3	0	22.5
	3.3	0	22.5
	3.3	0	22.5
	2.5	0	22.5
	3.3	0	22.5
	1.7	0	0
	0.8	0	337.5
	2.5	0	225
	1.7	0	225
	1.7	0	202.5
	0.8	0	225
	1.7	0	270
	1.7	0	247.5
	0.8	0	270
	0.8	0	202.5
	0.8	0	180
	3.3	0	225
	2.5	0	202.5
	1.7	0	202.5
	0.8	0	247.5
	2.5	0	247.5
	5.8	0	292.5
	5.8	0	292.5
	5.0	0	270
	5.8	0	292.5
	3.3	0	270
	5.0	0	270
	1.7	0	270
	0.0	0	0
	1.7	0	22.5
	0.0	0	0
	0.8	0	225
	0.8	0	225
	1.7	0	225
	2.5	0	337.5
	1.7	0	157.5
	1.7	0	247.5
	0.0	0	0
	0.0	0	0
	0.0	0	0
	0.0	0	0
	1.7	0	0
	1.7	0	45
	0.8	0	90
	2.5	0	337.5
	1.7	0	22.5
	1.7	0	45
	1.7	0	22.5
	2.5	0	22.5
	1.7	0	0
	0.8	0	22.5
	1.7	0	0
	0.8	0	337.5
	0.8	0	67.5
	1.7	0	247.5
	0.8	0	0
	1.7	0	337.5
	0.8	0	315
	0.8	0	315
	2.5	0	202.5
	3.3	0	180
	3.3	0	202.5
	3.3	0	202.5
	3.3	0	202.5
	4.1	0	202.5
	3.3	0	202.5
	2.5	0	202.5
	2.5	0	225
	4.1	0	292.5
	5.8	0	292.5
	5.8	0	292.5
	5.0	0	292.5
	1.7	0	337.5
	1.7	0	315
	4.1	0	315
	2.5	0	315
	0.0	0	0
	0.8	0	22.5
	1.7	0	180
	0.8	0	225
	0.8	0	247.5
	0.8	0	0
	2.5	0	270
	0.8	0	292.5
	2.5	0	292.5
	0.8	0	90
	0.8	0	202.5
	0.8	0	247.5
	0.8	0	225
	0.8	0	180
	1.7	0	22.5
	0.8	0	337.5
	3.3	0	22.5
	2.5	0	22.5
	2.5	0	22.5
	2.5	0	22.5
	2.5	0	22.5
	1.7	0	337.5
	3.3	0	0
	1.7	0	22.5
	0.8	0	0
	0.8	0	247.5
	0.8	0	292.5
	0.0	0	0
	0.0	0	0
	1.7	0	225
	1.7	0	247.5
	1.7	0	247.5
	1.7	0	225
	1.7	0	225
	2.5	0	225
	2.5	0	225
	1.7	0	225
	2.5	0	202.5
	1.7	0	270
	2.5	0	292.5
	5.8	0	292.5
	5.0	0	292.5
	5.0	0	292.5
	4.1	0	270
	5.0	0	270
	5.0	0	292.5
	3.3	0	270
	1.7	0	270
	1.7	0	270
	2.5	0	270
	1.7	0	202.5
	0.8	0	270
	0.8	0	247.5
	0.8	0	225
	0.0	0	0
	0.8	0	180
	0.8	0	90
	1.7	0	225
	0.8	0	225
	1.7	0	225
	0.8	0	180
	1.7	0	22.5
	0.8	0	22.5
	3.3	0	22.5
	4.1	0	22.5
	2.5	0	22.5
	2.5	0	45
	2.5	0	22.5
	2.5	0	0
	3.3	0	22.5
	2.5	0	22.5
	1.7	0	0
	1.7	0	0
	0.8	0	337.5
	1.7	0	315
	0.8	0	22.5
	0.8	0	0
	0.0	0	0
	0.8	0	225
	0.8	0	202.5
	0.0	0	0
	3.3	0	157.5
	4.1	0	180
	5.0	0	180
	5.0	0	180
	5.8	0	180
	5.0	0	180
	5.0	0	180
	5.0	0	180
	5.8	0	180
	5.0	0	180
	5.0	0	202.5
	5.0	0	202.5
	5.0	0	202.5
	5.0	0	202.5
	4.1	0	202.5
	4.1	0	202.5
	5.0	0	180
	5.0	0	180
	5.8	0	180
	6.6	0	202.5
	5.8	0	202.5
	5.0	0	180
	4.1	1	202.5
	5.0	0	202.5
	5.8	2	180
	5.8	7	202.5
	5.0	3	202.5
	5.0	5	202.5
	5.0	0	202.5
	5.8	2	202.5
	5.0	4	202.5
	4.1	4	202.5
	3.3	3	180
	3.3	3	202.5
	3.3	1	202.5
	2.5	2	202.5
	2.5	2	202.5
	2.5	2	202.5
	1.7	0	225
	1.7	0	202.5
	1.7	3	225
	0.8	10	225
	0.0	10	0
	0.8	3	292.5
	0.0	1	0
	2.5	3	292.5
	0.8	3	315
	0.8	0	22.5
	0.8	1	22.5
	0.8	2	22.5
	0.0	1	0
	0.8	1	225
	2.5	4	225
	1.7	1	247.5
	3.3	1	292.5
	5.0	2	292.5
	5.8	2	292.5
	7.4	1	270
	5.8	0	270
	2.5	1	225
	5.8	0	270
	3.3	0	270
	2.5	0	270
	4.1	0	270
	1.7	0	270
	2.5	0	292.5
	0.8	1	247.5
	1.7	0	247.5
	1.7	0	247.5
	2.5	0	270
	1.7	0	247.5
	0.8	0	270
	1.7	0	247.5
	1.7	0	247.5
	1.7	0	292.5
	0.8	0	270
	1.7	0	292.5
	0.8	0	67.5
	1.7	0	45
	2.5	0	67.5
	1.7	0	45
	1.7	0	67.5
	2.5	0	22.5
	2.5	0	22.5
	1.7	0	22.5
	1.7	0	22.5
	1.7	0	22.5
	1.7	0	22.5
	1.7	0	0
	0.8	0	0
	0.8	0	292.5
	2.5	0	202.5
	0.8	0	247.5
	0.8	0	90
	1.7	0	225
	0.8	0	247.5
	0.0	0	0
	0.0	0	0
	0.8	0	225
	1.7	0	202.5
	2.5	0	202.5
	3.3	0	202.5
	1.7	0	292.5
	1.7	0	270
	3.3	0	292.5
	4.1	0	22.5
	3.3	0	0
	2.5	0	22.5
	2.5	0	22.5
	2.5	0	22.5
	2.5	0	22.5
	2.5	0	22.5
	1.7	0	22.5
	1.7	0	292.5
	1.7	0	270
	1.7	0	270
	0.8	0	202.5
	1.7	0	202.5
	0.0	0	0
	1.7	0	225
	0.8	0	225
	0.8	0	202.5
	1.7	0	202.5
	0.0	0	0
	0.8	0	0
	0.8	0	22.5
	2.5	0	337.5
	2.5	0	0
	2.5	0	0
	3.3	0	22.5
	1.7	0	0
	1.7	0	22.5
	1.7	0	22.5
	1.7	0	315
	0.8	0	0
	1.7	0	337.5
	1.7	0	315
	1.7	0	112.5
	0.8	0	202.5
	0.8	0	315
	3.3	0	180
	2.5	1	202.5
	1.7	0	202.5
	1.7	0	202.5
	1.7	0	157.5
	0.0	0	0
	0.0	0	0
	1.7	0	225
	0.8	0	225
	0.8	0	180
	1.7	0	202.5
	2.5	0	270
	3.3	0	0
	3.3	0	337.5
	3.3	0	292.5
	2.5	0	315
	2.5	0	337.5
	2.5	0	337.5
	2.5	0	337.5
	1.7	0	270
	1.7	0	45
	0.8	0	315
	1.7	0	247.5
	0.8	0	225
	0.8	0	247.5
	1.7	0	225
	0.8	0	180
	0.0	0	0
	1.7	0	202.5
	2.5	0	202.5
	1.7	0	202.5
	1.7	0	202.5
	0.8	0	180
	1.7	0	157.5
	2.5	0	67.5
	2.5	0	22.5
	3.3	0	22.5
	3.3	0	22.5
	2.5	0	22.5
	2.5	0	22.5
	1.7	0	0
	1.7	0	22.5
	1.7	0	0
	0.8	0	0
	0.8	0	337.5
	0.0	0	0
	1.7	0	337.5
	0.8	0	22.5
	0.0	0	0
	1.7	0	225
	2.5	0	202.5
	4.1	0	202.5
	3.3	0	180
	3.3	0	180
	4.1	0	202.5
	3.3	0	202.5
	4.1	0	180
	4.1	0	202.5
	4.1	0	180
	5.0	0	180
	4.1	0	202.5
	4.1	0	202.5
	3.3	0	202.5
	3.3	0	202.5
	3.3	0	202.5
	3.3	0	157.5
	2.5	0	202.5
	3.3	0	180
	3.3	1	180
	4.1	0	180
	1.7	1	202.5
	0.8	2	247.5
	0.8	0	157.5
	0.8	1	22.5
	2.5	1	67.5
	2.5	0	45
	1.7	0	67.5
	2.5	0	45
	0.8	2	90
	2.5	3	45
	1.7	3	45
	2.5	3	45
	3.3	3	45
	1.7	2	45
	2.5	0	22.5
	0.8	1	22.5
	0.0	1	0
	1.7	1	22.5
	4.1	1	22.5
	5.0	2	22.5
	4.1	2	22.5
	4.1	0	22.5
	3.3	0	22.5
	4.1	0	22.5
	4.1	0	22.5
	3.3	1	45
	1.7	0	22.5
	0.0	0	0
	2.5	0	22.5
	2.5	0	67.5
	0.8	0	22.5
	1.7	0	22.5
	0.0	0	0
	0.8	0	90
	1.7	0	0
	2.5	0	22.5
	2.5	0	22.5
	3.3	0	22.5
	1.7	0	45
	0.8	0	0
	0.0	0	0
	0.8	0	45
	1.7	0	22.5
	2.5	0	45
	1.7	0	337.5
	5.8	0	45
	5.0	0	45
	5.0	0	22.5
	4.1	0	45
	2.5	0	45
	0.8	0	247.5
	0.8	0	225
	0.8	0	180
	0.8	0	225
	1.7	0	225
	0.8	0	225
	0.8	0	225
	1.7	0	225
	0.0	0	0
	1.7	0	22.5
	3.3	0	22.5
	3.3	0	22.5
	3.3	0	22.5
	3.3	0	22.5
	2.5	0	0
	3.3	0	22.5
	3.3	0	45
	3.3	0	22.5
	1.7	0	22.5
	1.7	0	337.5
	1.7	0	315
	1.7	0	225
	1.7	0	225
	1.7	0	202.5
	1.7	0	202.5
	1.7	0	202.5
	0.8	0	247.5
	1.7	0	247.5
	1.7	0	225
	1.7	0	225
	1.7	0	225
	1.7	0	202.5
	2.5	0	202.5
	0.8	0	337.5
	1.7	0	22.5
	2.5	0	22.5
	3.3	0	337.5
	1.7	0	22.5
	1.7	0	45
	2.5	0	22.5
	2.5	0	22.5
	1.7	0	45
	1.7	0	22.5
	0.0	0	0
	1.7	0	225
	1.7	0	225
	2.5	0	225
	2.5	0	225
	2.5	0	202.5
	3.3	0	202.5
	3.3	0	202.5
	3.3	0	202.5
	2.5	0	225
	3.3	0	202.5
	2.5	0	202.5
	2.5	0	202.5
	2.5	0	202.5
	1.7	0	202.5
	1.7	0	247.5
	2.5	0	315
	3.3	0	0
	2.5	0	22.5
	2.5	0	337.5
	2.5	0	0
	3.3	0	22.5
	1.7	0	45
	0.8	0	22.5
	0.0	0	0
	0.8	0	22.5
	0.8	0	180
	1.7	0	315
	0.8	0	90
	2.5	0	202.5
	1.7	0	202.5
	3.3	0	202.5
	3.3	0	157.5
	4.1	0	180
	3.3	0	180
	4.1	0	202.5
	4.1	0	202.5
	3.3	0	202.5
	3.3	0	202.5
	4.1	0	202.5
	3.3	0	202.5
	2.5	0	45
	4.1	0	22.5
	2.5	0	0
	2.5	0	202.5
	1.7	0	22.5
	1.7	0	22.5
	1.7	0	247.5
	2.5	0	202.5
	1.7	0	225
	5.0	1	157.5
	4.1	0	157.5
	5.0	0	180
	5.0	0	180
	5.0	0	180
	3.3	1	202.5
	1.7	3	225
	4.1	2	180
	4.1	1	180
	0.8	3	157.5
	1.7	3	315
	0.0	5	0
	3.3	3	202.5
	0.8	0	292.5
	2.5	1	337.5
	2.5	1	0
	2.5	3	337.5
	2.5	9	45
	1.7	7	90
	0.8	10	202.5
	0.8	2	225
	0.8	3	180
	0.8	1	270
	0.0	0	0
	0.8	1	247.5
	0.8	1	270
	1.7	0	292.5
	0.8	0	225
	0.8	0	270
	0.8	0	202.5
	1.7	0	292.5
	3.3	0	270
	3.3	0	292.5
	1.7	0	270
	3.3	0	292.5
	1.7	0	270
	4.1	0	270
	3.3	0	292.5
	2.5	0	270
	3.3	0	292.5
	4.1	0	270
	3.3	0	292.5
	4.1	0	292.5
	4.1	0	292.5
	5.0	0	270
	3.3	0	270
	1.7	0	292.5
	1.7	0	292.5
	2.5	0	292.5
	1.7	0	247.5
	2.5	0	270
	3.3	0	270
	2.5	0	247.5
	3.3	0	270
	3.3	0	270
	1.7	0	247.5
	3.3	0	270
	1.7	0	270
	3.3	0	247.5
	3.3	0	270
	1.7	0	202.5
	2.5	0	270
	3.3	0	270
	1.7	0	202.5
	1.7	0	180
	0.8	0	135
	1.7	0	45
	1.7	0	270
	3.3	0	270
	2.5	0	270
	2.5	0	292.5
	0.0	0	0
	1.7	0	247.5
	0.8	0	90
	0.8	0	270
	0.0	0	0
	1.7	0	202.5
	0.0	0	0
	0.8	0	247.5
	0.8	0	225
	0.8	0	180
	1.7	0	202.5
	1.7	0	225
	0.8	0	45
	0.8	0	22.5
	1.7	0	45
	2.5	0	22.5
	3.3	0	22.5
	2.5	0	22.5
	3.3	0	22.5
	3.3	0	22.5
	1.7	0	0
	2.5	0	22.5
	0.8	0	22.5
	0.8	0	22.5
	0.8	0	22.5
	0.8	0	22.5
	1.7	0	0
	1.7	0	315
	0.8	0	292.5
	0.8	0	270
	0.0	0	0
	0.8	0	247.5
	0.8	0	292.5
	0.8	0	112.5
	0.0	0	0
	0.8	0	67.5
	1.7	0	45
	1.7	0	67.5
	1.7	0	0
	0.8	0	0
	0.8	0	0
	1.7	0	0
	0.8	0	292.5
	1.7	0	0
	0.8	0	337.5
	0.0	1	0
	0.8	0	315
	0.0	0	0
	0.8	0	0
	0.0	0	0
	0.8	0	315
	0.0	0	0
	0.0	1	0
	1.7	0	90
	0.0	2	0
	1.7	2	337.5
	0.0	2	0
	0.8	3	22.5
	2.5	1	90
	2.5	1	112.5
	2.5	1	0
	2.5	0	45
	1.7	1	270
	2.5	0	292.5
	0.8	0	22.5
	3.3	2	292.5
	3.3	0	292.5
	3.3	0	270
	2.5	0	292.5
	0.8	0	180
	0.8	0	202.5
	0.8	0	270
	1.7	0	0
	1.7	0	337.5
	0.8	0	337.5
	0.8	0	135
	0.8	0	292.5
	0.8	0	0
	0.0	0	0
	0.8	0	270
	0.0	0	0
	1.7	0	292.5
	1.7	0	247.5
	1.7	0	247.5
	0.8	0	225
	0.8	0	22.5
	3.3	0	0
	4.1	0	22.5
	5.0	0	45
	4.1	0	67.5
	3.3	0	45
	2.5	0	22.5
	3.3	0	22.5
	2.5	0	22.5
	0.8	0	22.5
	1.7	0	0
	1.7	0	22.5
	1.7	0	0
	0.8	0	45
	1.7	0	225
	0.8	0	225
	1.7	0	225
	1.7	0	225
	2.5	0	225
	0.8	0	202.5
	1.7	0	225
	0.8	0	202.5
	1.7	0	157.5
	0.8	0	292.5
	0.8	0	202.5
	0.8	0	270
	1.7	0	0
	3.3	0	22.5
	2.5	0	45
	2.5	0	45
	1.7	0	22.5
	3.3	0	22.5
	2.5	0	22.5
	1.7	0	22.5
	1.7	0	22.5
	1.7	0	22.5
	1.7	0	337.5
	1.7	0	337.5
	1.7	0	337.5
	1.7	0	270
	0.8	0	225
	1.7	0	202.5
	0.8	0	202.5
	0.8	0	270
	0.8	0	90
	0.8	0	247.5
	1.7	0	292.5
	0.8	0	45
	0.8	0	337.5
	0.8	0	0
	1.7	0	315
	3.3	0	0
	1.7	0	337.5
	2.5	0	22.5
	1.7	0	22.5
	1.7	0	0
	2.5	0	22.5
	3.3	0	22.5
	2.5	0	22.5
	0.8	0	45
	0.8	0	315
	0.8	0	0
	0.8	0	292.5
	0.0	0	0
	2.5	0	90
	0.8	0	270
	2.5	0	22.5
	2.5	0	22.5
	4.1	0	45
	4.1	0	22.5
	4.1	0	22.5
	5.0	0	22.5
	5.0	0	45
	5.8	0	45
	5.0	0	22.5
	5.8	0	45
	5.0	0	22.5
	5.0	0	22.5
	4.1	0	22.5
	8.3	0	22.5
	7.4	0	22.5
	5.8	0	22.5
	5.0	0	22.5
	6.6	0	22.5
	5.0	0	22.5
	4.1	0	45
	4.1	0	45
	5.0	0	45
	4.1	0	22.5
	3.3	0	45
	1.7	0	45
	1.7	0	67.5
	1.7	0	90
	2.5	0	45
	2.5	0	45
	2.5	0	45
	3.3	0	45
	4.1	0	22.5
	5.8	0	22.5
	5.8	0	22.5
	5.8	0	45
	5.8	0	22.5
	5.0	0	45
	6.6	0	45
	5.8	0	22.5
	5.0	0	22.5
	5.0	0	22.5
	0.8	0	67.5
	2.5	0	45
	0.8	0	225
	1.7	0	202.5
	1.7	0	202.5
	0.8	0	247.5
	0.0	0	0
	0.8	0	247.5
	1.7	0	225
	0.8	0	247.5
	0.8	0	225
	0.8	0	315
	0.0	0	0
	2.5	0	22.5
	3.3	0	45
	2.5	0	22.5
	3.3	0	22.5
	3.3	0	22.5
	4.1	0	22.5
	2.5	0	22.5
	3.3	0	22.5
	2.5	0	22.5
	2.5	0	22.5
	3.3	0	45
	0.8	0	0
	1.7	0	315
	1.7	0	315
	0.0	0	0
	0.0	0	0
	0.8	0	247.5
	0.0	0	0
	0.0	0	0
	0.0	0	0
	0.8	0	292.5
	0.8	0	202.5
	0.0	0	0
	1.7	0	22.5
	1.7	0	0
	3.3	0	22.5
	3.3	0	22.5
	2.5	0	22.5
	2.5	0	22.5
	1.7	0	0
	1.7	0	45
	1.7	0	0
	1.7	0	0
	2.5	0	45
	0.8	0	0
	1.7	0	0
	1.7	0	22.5
	0.8	0	67.5
	0.8	0	90
	0.8	0	22.5
	0.0	0	0
	0.8	0	270
	0.8	0	292.5
	1.7	0	202.5
	1.7	0	270
	1.7	0	225
	1.7	0	202.5
	2.5	0	202.5
	1.7	0	247.5
	1.7	0	247.5
	2.5	0	270
	2.5	0	292.5
	3.3	0	292.5
	3.3	0	315
	3.3	0	292.5
	3.3	0	292.5
	2.5	0	270
	4.1	0	292.5
	0.0	0	0
	0.8	0	22.5
	0.8	0	0
	0.0	0	0
	0.0	0	0
	0.8	0	270
	0.0	0	0
	0.0	0	0
	0.8	0	180
	3.3	5	292.5
	2.5	19	180
	4.1	1	157.5
	1.7	0	202.5
	1.7	0	202.5
	1.7	0	247.5
	1.7	0	292.5
	2.5	0	270
	1.7	0	292.5
	1.7	0	67.5
	2.5	0	22.5
	1.7	0	0
	3.3	0	45
	2.5	0	22.5
	2.5	0	0
	1.7	0	0
	0.8	0	337.5
	1.7	0	0
	0.8	0	22.5
	0.8	0	337.5
	1.7	0	337.5
	1.7	0	247.5
	0.8	0	225
	0.8	0	247.5
	2.5	0	225
	2.5	0	225
	0.8	0	225
	0.8	0	247.5
	2.5	0	315
	2.5	0	45
	3.3	0	22.5
	2.5	0	22.5
	2.5	0	22.5
	3.3	0	0
	2.5	0	22.5
	5.0	0	22.5
	3.3	0	22.5
	2.5	0	22.5
	0.8	0	22.5
	1.7	0	22.5
	2.5	0	22.5
	1.7	0	45
	0.8	0	22.5
	0.8	0	337.5
	1.7	0	315
	0.8	0	292.5
	0.8	0	247.5
	0.8	0	247.5
	0.8	0	270
	1.7	0	225
	0.8	0	225
	1.7	0	202.5
	1.7	0	0
	0.8	0	225
	1.7	0	292.5
	1.7	0	0
	0.8	0	337.5
	2.5	0	0
	2.5	0	0
	2.5	0	0
	2.5	0	22.5
	1.7	0	0
	0.8	0	337.5
	2.5	0	315
	0.8	0	270
	0.8	0	225
	0.0	0	0
	0.8	0	247.5
	0.0	0	0
	0.8	0	270
	1.7	0	202.5
	0.8	0	225
	0.8	0	225
	0.8	0	247.5
	0.0	0	0
	1.7	0	202.5
	2.5	0	180
	0.8	0	247.5
	0.0	0	0
	2.5	0	22.5
	2.5	0	22.5
	3.3	0	22.5
	2.5	0	22.5
	2.5	0	22.5
	2.5	0	0
	1.7	0	0
	1.7	0	22.5
	0.8	0	337.5
	0.8	0	337.5
	1.7	0	292.5
	1.7	0	270
	0.8	0	292.5
	0.8	0	225
	0.0	0	0
	0.0	0	0
	1.7	0	292.5
	0.0	0	0
	0.8	0	315
	0.8	0	202.5
	2.5	0	202.5
	2.5	0	225
	1.7	0	225
	2.5	0	337.5
	2.5	0	22.5
	0.8	0	0
	2.5	0	0
	2.5	0	22.5
	1.7	0	22.5
	3.3	0	45
	2.5	0	22.5
	1.7	0	22.5
	0.8	0	0
	1.7	0	247.5
	0.8	0	225
	0.0	0	0
	0.8	0	292.5
	0.0	0	0
	0.0	0	0
	0.8	0	315
	0.8	0	315
	0.8	1	315
	0.8	2	112.5
	0.8	2	225
	0.8	2	135
	2.5	1	67.5
	1.7	0	45
	1.7	0	225
	0.8	1	135
	1.7	0	90
	1.7	0	67.5
	1.7	0	45
	1.7	0	22.5
	4.1	0	22.5
	2.5	0	0
	2.5	0	45
	3.3	0	45
	1.7	0	22.5
	2.5	0	22.5
	2.5	0	45
	0.8	0	22.5
	0.8	0	45
	0.8	0	202.5
	0.8	0	225
	0.8	0	225
	0.8	0	202.5
	0.0	0	0
	0.8	0	180
	0.0	0	0
	1.7	0	22.5
	1.7	0	0
	1.7	0	315
	2.5	0	315
	1.7	0	315
	1.7	0	0
	2.5	0	22.5
	2.5	0	0
	3.3	0	22.5
	3.3	0	45
	2.5	0	0
	1.7	0	0
	1.7	0	22.5
	1.7	0	45
	1.7	0	22.5
	1.7	0	0
	0.8	0	0
	0.8	0	0
	0.8	0	337.5
	1.7	0	315
	1.7	0	292.5
	0.8	0	292.5
	0.0	0	0
	1.7	0	315
	2.5	0	0
	2.5	0	0
	3.3	0	22.5
	2.5	0	45
	2.5	0	22.5
	3.3	0	22.5
	2.5	0	22.5
	1.7	0	22.5
	2.5	0	22.5
	3.3	0	22.5
	3.3	0	22.5
	2.5	0	22.5
	4.1	0	22.5
	4.1	0	45
	0.8	0	45
	0.8	0	292.5
	0.8	0	315
	0.8	0	0
	0.8	0	315
	0.8	0	202.5
	0.8	0	202.5
	1.7	0	202.5
	1.7	0	202.5
	0.8	0	90
	0.0	0	0
	1.7	0	45
	1.7	0	22.5
	3.3	0	45
	2.5	0	22.5
	3.3	0	22.5
	3.3	0	22.5
	2.5	0	22.5
	2.5	0	22.5
	1.7	0	22.5
	3.3	0	22.5
	3.3	0	45
	4.1	0	45
	2.5	0	45
	2.5	0	45
	2.5	0	45
	1.7	0	22.5
	1.7	0	45
	0.8	0	315
	0.8	0	292.5
	0.8	0	180
	1.7	0	202.5
	0.8	0	315
	0.8	0	45
	0.8	0	45
	1.7	0	0
	5.0	0	22.5
	4.1	0	22.5
	3.3	0	22.5
	4.1	0	22.5
	3.3	0	0
	4.1	0	22.5
	4.1	0	45
	4.1	0	22.5
	5.0	0	22.5
	4.1	0	22.5
	3.3	0	22.5
	4.1	0	45
	3.3	0	45
	1.7	0	22.5
	0.8	0	22.5
	0.0	0	0
	0.8	0	0
	1.7	0	67.5
	2.5	0	67.5
	1.7	0	67.5
	1.7	0	22.5
	3.3	0	45
	4.1	0	45
	4.1	0	45
	4.1	0	45
	3.3	0	45
	3.3	0	45
	3.3	0	45
	4.1	0	45
	5.0	0	45
	3.3	0	22.5
	3.3	0	22.5
	3.3	0	45
	2.5	0	45
	1.7	0	45
	2.5	0	22.5
	2.5	1	22.5
	1.7	0	67.5
	0.8	0	90
	0.8	0	337.5
	0.8	0	292.5
	0.0	0	0
	0.0	0	0
	2.5	0	315
	4.1	0	22.5
	4.1	0	22.5
	5.0	0	45
	5.8	0	22.5
	4.1	0	0
	4.1	0	0
	3.3	0	22.5
	4.1	0	22.5
	5.0	0	45
	5.8	0	45
	4.1	0	22.5
	4.1	0	22.5
	4.1	0	22.5
	3.3	0	22.5
	2.5	0	22.5
	2.5	0	22.5
	2.5	0	22.5
	2.5	0	22.5
	2.5	0	22.5
	1.7	0	22.5
	1.7	0	22.5
	1.7	0	22.5
	0.8	0	67.5
	0.0	1	0
	0.0	0	0
	0.8	2	315
	1.7	1	22.5
	3.3	0	22.5
	3.3	0	22.5
	3.3	0	22.5
	3.3	0	45
	4.1	0	45
	4.1	0	22.5
	2.5	0	22.5
	4.1	0	22.5
	1.7	0	45
	2.5	0	0
	1.7	0	22.5
	1.7	0	0
	0.0	0	0
	0.0	0	0
	0.0	0	0
	0.8	0	247.5
	0.8	0	247.5
	0.8	0	247.5
	0.0	0	0
	0.0	0	0
	0.8	0	270
	0.0	0	0
	0.8	0	112.5
	1.7	0	112.5
	0.8	0	0
	2.5	0	22.5
	4.1	0	22.5
	4.1	0	22.5
	4.1	0	22.5
	2.5	0	22.5
	2.5	0	22.5
	2.5	0	22.5
	2.5	0	22.5
	2.5	0	0
	1.7	0	22.5
	1.7	0	0
	0.8	0	292.5
	1.7	0	225
	1.7	0	225
	1.7	0	247.5
	0.8	0	202.5
	0.8	0	270
	0.0	0	0
	0.8	0	247.5
	0.0	0	0
	0.8	0	225
	0.8	0	270
	0.8	0	67.5
	1.7	0	292.5
	1.7	0	0
	3.3	0	22.5
	2.5	0	0
	3.3	0	22.5
	3.3	0	22.5
	3.3	0	22.5
	3.3	0	22.5
	3.3	0	22.5
	2.5	0	22.5
	1.7	0	22.5
	0.8	0	22.5
	0.8	0	337.5
	0.8	0	292.5
	1.7	0	225
	1.7	0	225
	0.8	0	225
	0.0	0	0
	0.8	0	202.5
	0.8	0	247.5
	0.8	0	225
	0.8	0	225
	0.8	0	112.5
	0.8	0	112.5
	0.8	0	315
	2.5	0	337.5
	2.5	0	22.5
	1.7	0	22.5
	1.7	0	90
	1.7	0	45
	0.8	0	67.5
	0.0	0	0
	1.7	0	315
	1.7	0	0
	0.8	0	0
	0.0	0	0
	0.8	0	247.5
	0.0	0	0
	0.8	1	292.5
	0.0	0	0
	0.0	0	0
	0.0	1	0
	0.8	0	202.5
	0.0	0	0
	0.0	0	0
	0.8	1	225
	0.0	0	0
	0.8	0	0
	0.8	0	337.5
	1.7	0	0
	1.7	0	45
	2.5	0	22.5
	2.5	0	22.5
	3.3	0	22.5
	3.3	0	22.5
	2.5	0	45
	1.7	0	45
	2.5	0	45
	0.8	0	22.5
	1.7	0	90
	1.7	0	22.5
	2.5	0	45
	1.7	0	22.5
	2.5	0	45
	2.5	0	67.5
	3.3	0	45
	2.5	0	67.5
	2.5	0	22.5
	3.3	1	45
	1.7	2	22.5
	2.5	1	22.5
	1.7	0	337.5
	1.7	0	22.5
	1.7	0	22.5
	0.8	0	45
	0.8	0	202.5
	1.7	0	315
	1.7	0	45
	3.3	0	315
	4.1	0	337.5
	2.5	0	22.5
	2.5	0	45
	2.5	0	22.5
	0.8	0	90
	0.0	0	0
	0.8	0	315
	0.0	0	0
	0.8	0	247.5
	0.8	0	202.5
	1.7	0	225
	0.0	0	0
	0.8	0	292.5
	1.7	0	270
	0.0	0	0
	0.8	0	45
	0.8	0	22.5
	0.8	0	0
	1.7	0	337.5
	2.5	0	22.5
	2.5	0	0
	1.7	0	22.5
	1.7	0	22.5
	0.8	0	0
	1.7	0	337.5
	1.7	0	315
	2.5	0	337.5
	0.8	0	112.5
	0.8	1	45
	0.8	0	225
	2.5	1	202.5
	1.7	0	247.5
	1.7	0	270
	0.8	0	135
	0.0	2	0
	4.1	4	292.5
	1.7	3	270
	3.3	6	270
	2.5	3	270
	2.5	3	270
	1.7	2	225
	1.7	1	157.5
	2.5	0	202.5
	1.7	0	225
	0.8	0	247.5
	2.5	0	270
	2.5	0	270
	3.3	0	270
	1.7	0	247.5
	0.8	0	247.5
	1.7	0	292.5
	4.1	0	292.5
	0.8	0	270
	0.8	2	180
	0.8	3	292.5
	1.7	1	157.5
	0.0	0	0
	0.8	0	270
	1.7	0	157.5
	0.8	0	202.5
	0.8	0	225
	0.8	0	292.5
	0.8	0	270
	0.8	0	225
	2.5	0	292.5
	1.7	0	270
	0.8	0	292.5
	3.3	0	292.5
	1.7	0	270
	2.5	0	292.5
	0.8	0	0
	1.7	0	90
	1.7	0	45
	2.5	0	337.5
	1.7	0	45
	1.7	0	135
	1.7	0	0
	0.0	0	0
	0.0	1	0
	1.7	0	292.5
	2.5	0	337.5
	1.7	1	67.5
	1.7	1	180
	1.7	0	292.5
	1.7	0	315
	0.0	2	0
	0.0	2	0
	0.8	5	67.5
	0.0	1	0
	0.8	1	67.5
	0.8	5	22.5
	0.8	3	135
	1.7	0	67.5
	0.8	0	22.5
	0.8	0	45
	1.7	1	0
	1.7	2	67.5
	1.7	1	22.5
	0.8	5	45
	0.8	4	67.5
	0.8	2	292.5
	3.3	6	135
	1.7	2	45
	2.5	1	0
	1.7	16	45
	2.5	14	135
	0.8	8	225
	0.8	6	135
	3.3	2	315
	1.7	5	337.5
	0.0	1	0
	0.8	0	315
	0.0	0	0
	0.8	0	135
	2.5	0	0
	1.7	0	22.5
	1.7	0	22.5
	1.7	0	337.5
	2.5	0	45
	1.7	0	67.5
	0.8	0	22.5
	0.8	1	315
	1.7	2	0
	0.8	4	90
	0.0	0	0
	0.8	0	315
	0.8	0	22.5
	0.8	0	45
	0.8	0	22.5
	1.7	1	337.5
	0.8	2	337.5
	1.7	0	0
	0.8	0	22.5
	0.8	1	22.5
	0.8	0	45
	0.8	0	67.5
	0.0	0	0
	0.8	0	45
	0.8	0	247.5
	1.7	0	337.5
	1.7	0	292.5
	1.7	0	292.5
	4.1	0	337.5
	3.3	0	337.5
	1.7	0	337.5
	4.1	0	45
	2.5	0	45
	1.7	0	45
	1.7	0	22.5
	1.7	0	22.5
	2.5	0	45
	2.5	0	45
	1.7	0	22.5
	0.8	0	45
	0.0	0	0
	0.8	0	337.5
	1.7	0	0
	1.7	0	0
	2.5	0	22.5
	3.3	0	22.5
	1.7	0	22.5
	3.3	0	45
	2.5	0	22.5
	2.5	0	0
	3.3	0	22.5
	3.3	0	22.5
	4.1	0	22.5
	3.3	0	22.5
	3.3	0	45
	3.3	0	22.5
	2.5	0	45
	1.7	0	22.5
	1.7	0	0
	0.0	0	0
	0.8	0	315
	0.0	0	0
	0.8	0	180
	0.8	0	202.5
	0.0	2	0
	0.8	1	157.5
	0.8	1	90
	1.7	2	67.5
	2.5	1	45
	3.3	4	45
	2.5	3	0
	3.3	1	22.5
	3.3	0	22.5
	2.5	1	22.5
	3.3	0	22.5
	3.3	1	45
	2.5	0	22.5
	1.7	0	22.5
	1.7	0	0
	1.7	0	22.5
	0.8	0	0
	0.8	0	67.5
	0.8	0	90
	0.8	0	337.5
	0.0	0	0
	0.0	0	0
	0.0	0	0
	0.8	0	45
	1.7	0	90
	0.8	0	90
	1.7	0	45
	0.8	0	135
	0.8	0	202.5
	0.8	0	202.5
	0.0	0	0
	2.5	0	22.5
	2.5	0	22.5
	3.3	0	22.5
	3.3	0	0
	2.5	0	22.5
	2.5	0	0
	2.5	0	22.5
	1.7	0	337.5
	1.7	0	337.5
	1.7	0	0
	0.8	0	337.5
	1.7	0	0
	2.5	2	315
	1.7	9	315
	1.7	12	67.5
	1.7	4	135
	3.3	7	180
	4.1	19	157.5
	2.5	33	180
	1.7	9	22.5
	0.8	18	67.5
	2.5	2	90
	3.3	1	90
	1.7	0	90
	1.7	0	0
	1.7	0	0
	1.7	0	0
	1.7	3	315
	1.7	5	0
	3.3	3	22.5
	4.1	2	45
	2.5	5	22.5
	2.5	1	337.5
	0.8	3	270
	0.8	4	247.5
	2.5	3	22.5
	3.3	1	22.5
	1.7	0	0
	2.5	1	45
	3.3	1	45
	1.7	4	22.5
	4.1	10	22.5
	4.1	9	22.5
	4.1	11	315
	1.7	9	270
	5.0	5	270
	3.3	0	292.5
	2.5	0	292.5
	3.3	0	270
	1.7	0	225
	1.7	0	202.5
	2.5	0	202.5
	2.5	0	157.5
	1.7	0	202.5
	5.0	0	247.5
	4.1	0	270
	3.3	0	270
	3.3	0	270
	1.7	0	225
	3.3	0	270
	0.8	0	247.5
	3.3	0	270
	1.7	0	225
	1.7	0	225
	1.7	0	247.5
	0.8	0	247.5
	0.8	0	0
	0.0	0	0
	0.0	0	0
	0.8	0	0
	0.8	0	22.5
	0.0	0	0
	0.8	0	22.5
	1.7	0	337.5
	1.7	0	337.5
	0.8	0	22.5
	3.3	0	0
	3.3	0	22.5
	2.5	0	22.5
	1.7	0	22.5
	1.7	0	0
	1.7	0	337.5
	1.7	0	337.5
	1.7	0	337.5
	0.8	0	315
	0.8	0	270
	1.7	0	315
	0.0	0	0
	0.8	0	315
	0.8	0	247.5
	0.0	0	0
	0.8	0	67.5
	0.0	0	0
	0.8	0	67.5
	0.8	0	45
	0.0	0	0
	1.7	0	22.5
	2.5	0	45
	1.7	0	22.5
	1.7	0	22.5
	1.7	1	22.5
	1.7	5	247.5
	2.5	0	22.5
	1.7	3	67.5
	0.8	6	0
	1.7	3	45
	1.7	2	22.5
	0.0	3	0
	1.7	3	45
	0.8	2	45
	1.7	3	45
	0.8	0	112.5
	1.7	3	180
	0.8	2	225
	1.7	2	247.5
	2.5	4	225
	1.7	0	225
	1.7	0	247.5
	0.0	5	0
	1.7	5	225
	1.7	3	180
	1.7	0	180
	1.7	1	247.5
	0.0	1	0
	2.5	0	270
	5.0	0	270
	6.6	0	270
	5.0	1	270
	4.1	0	292.5
	3.3	0	22.5
	1.7	0	45
	1.7	0	337.5
	1.7	0	0
	0.8	0	0
	1.7	0	315
	2.5	0	0
	1.7	2	22.5
	0.8	6	225
	1.7	7	292.5
	0.8	8	292.5
	1.7	2	202.5
	1.7	1	315
	0.8	0	315
	1.7	0	337.5
	0.8	0	337.5
	0.8	1	337.5
	0.0	9	0
	0.8	0	157.5
	3.3	0	337.5
	1.7	1	135
	0.0	0	0
	0.8	1	180
	0.8	0	45
	1.7	0	337.5
	4.1	7	292.5
	1.7	3	202.5
	1.7	0	225
	1.7	0	202.5
	3.3	0	292.5
	4.1	2	270
	1.7	2	180
	1.7	0	247.5
	2.5	7	270
	3.3	1	247.5
	2.5	1	247.5
	2.5	0	270
	2.5	2	270
	3.3	0	292.5
	2.5	0	292.5
	1.7	0	247.5
	2.5	0	270
	2.5	0	270
	3.3	0	270
	3.3	0	292.5
	1.7	0	292.5
	0.8	0	292.5
	1.7	0	270
	0.8	0	225
	0.8	0	180
	0.8	0	225
	0.8	0	292.5
	1.7	0	202.5
	0.8	0	135
	0.8	0	180
	0.8	0	247.5
	0.8	0	225
	0.8	0	247.5
	0.8	0	225
	1.7	0	292.5
	0.8	1	247.5
	0.8	3	225
	0.8	0	337.5
	0.8	0	315
	1.7	0	180
	1.7	0	247.5
	2.5	0	292.5
	1.7	0	270
	2.5	0	292.5
	1.7	0	315
	1.7	2	202.5
	0.8	3	225
	1.7	0	202.5
	0.8	1	247.5
	1.7	7	202.5
	2.5	3	157.5
	2.5	4	180
	1.7	0	180
	4.1	2	135
	1.7	0	202.5
	2.5	0	202.5
	1.7	1	225
	0.8	2	225
	2.5	5	22.5
	1.7	8	90
	2.5	1	22.5
	1.7	3	67.5
	1.7	1	67.5
	3.3	9	292.5
	2.5	14	45
	0.8	20	202.5
	0.8	6	225
	1.7	2	270
	2.5	0	270
	2.5	0	247.5
	3.3	0	292.5
	4.1	0	292.5
	2.5	0	292.5
	3.3	0	292.5
	2.5	0	292.5
	3.3	0	292.5
	0.8	0	247.5
	1.7	0	225
	0.8	0	157.5
	0.8	0	292.5
	0.8	0	225
	0.8	0	270
	0.0	0	0
	0.0	0	0
	0.8	0	112.5
	0.8	0	202.5
	0.8	0	157.5
	0.8	0	67.5
	2.5	0	22.5
	2.5	0	22.5
	3.3	0	22.5
	2.5	0	22.5
	3.3	0	22.5
	2.5	0	22.5
	0.8	0	315
	1.7	0	337.5
	2.5	0	0
	0.8	0	337.5
	0.8	0	315
	1.7	0	292.5
	0.8	0	292.5
	0.8	0	337.5
	0.8	0	135
	0.8	0	315
	0.8	0	315
	0.8	0	135
	0.8	0	135
	1.7	0	225
	0.8	0	292.5
	0.8	0	45
	0.8	0	270
	0.8	4	225
	0.8	1	270
	0.8	1	292.5
	1.7	1	180
	0.8	0	292.5
	2.5	4	247.5
	0.8	8	202.5
	2.5	4	135
	1.7	0	157.5
	1.7	0	202.5
	0.8	0	202.5
	1.7	0	202.5
	2.5	0	180
	2.5	3	202.5
	1.7	2	135
	2.5	0	270
	1.7	5	315
	0.0	3	0
	2.5	21	90
	2.5	8	135
	1.7	3	247.5
	1.7	4	180
	1.7	2	247.5
	1.7	5	247.5
	2.5	1	247.5
	2.5	0	247.5
	5.0	0	270
	5.8	0	270
	5.0	1	270
	4.1	0	270
	3.3	0	270
	2.5	0	270
	4.1	0	292.5
	4.1	0	292.5
	2.5	0	247.5
	0.8	0	225
	0.8	0	180
	0.8	0	247.5
	0.8	0	270
	0.8	0	247.5
	1.7	0	247.5
	0.8	0	247.5
	0.0	0	0
	0.0	0	0
	0.0	0	0
	0.8	0	45
	0.8	0	337.5
	0.8	0	67.5
	1.7	0	45
	1.7	0	22.5
	1.7	0	45
	1.7	0	22.5
	1.7	0	22.5
	0.8	0	22.5
	1.7	0	0
	1.7	0	337.5
	1.7	0	0
	0.8	0	0
	0.8	0	22.5
	1.7	0	67.5
	0.0	0	0
	0.0	0	0
	0.8	0	0
	1.7	0	0
	0.8	0	90
	0.8	1	337.5
	2.5	2	337.5
	0.8	23	45
	3.3	23	112.5
	3.3	14	157.5
	3.3	2	180
	0.8	2	225
	1.7	0	180
	1.7	0	247.5
	1.7	0	157.5
	1.7	0	180
	0.8	2	225
	1.7	2	180
	0.8	3	247.5
	0.8	1	180
	1.7	0	247.5
	2.5	0	270
	1.7	0	270
	0.8	0	225
	1.7	0	247.5
	3.3	0	270
	1.7	0	202.5
	2.5	0	270
	2.5	1	270
	1.7	1	247.5
	1.7	0	270
	1.7	0	270
	1.7	0	247.5
	2.5	0	270
	3.3	0	292.5
	2.5	0	337.5
	2.5	0	315
	0.8	0	157.5
	2.5	0	135
	1.7	0	157.5
	2.5	0	90
	1.7	0	90
	1.7	0	112.5
	0.8	0	157.5
	1.7	0	0
	0.8	0	45
	0.8	0	315
	0.8	0	315
	0.8	0	315
	0.8	0	225
	0.8	0	247.5
	1.7	0	225
	1.7	0	225
	1.7	0	202.5
	0.8	0	247.5
	0.8	0	202.5
	0.8	0	202.5
	0.8	0	247.5
	0.8	0	225
	0.8	0	270
	0.8	0	225
	1.7	0	292.5
	1.7	0	45
	1.7	0	67.5
	2.5	0	337.5
	2.5	0	315
	2.5	0	337.5
	3.3	0	315
	3.3	0	270
	1.7	0	270
	0.8	0	247.5
	0.8	0	270
	0.8	0	247.5
	1.7	0	247.5
	0.8	0	202.5
	0.8	0	225
	1.7	0	247.5
	0.0	0	0
	0.8	0	225
	1.7	0	247.5
	0.8	0	225
	1.7	0	225
	0.0	0	0
	0.0	0	0
	1.7	0	45
	1.7	0	0
	2.5	0	45
	2.5	0	22.5
	3.3	0	45
	3.3	0	22.5
	2.5	0	22.5
	3.3	0	22.5
	1.7	0	0
	1.7	0	0
	1.7	0	337.5
	0.8	0	0
	0.8	0	315
	1.7	0	225
	0.8	0	202.5
	0.0	0	0
	1.7	0	202.5
	0.0	0	0
	0.8	0	270
	0.8	0	225
	0.0	0	0
	1.7	0	225
	2.5	0	202.5
	2.5	0	180
	2.5	0	315
	2.5	0	292.5
	1.7	0	22.5
	2.5	0	292.5
	2.5	0	270
	0.8	0	180
	1.7	0	292.5
	1.7	0	292.5
	0.8	0	270
	3.3	0	180
	3.3	0	180
	5.0	0	180
	4.1	0	180
	3.3	0	202.5
	2.5	0	202.5
	3.3	0	202.5
	4.1	0	180
	4.1	0	180
	4.1	0	202.5
	4.1	0	202.5
	3.3	0	202.5
	5.0	0	180
	5.0	0	202.5
	4.1	0	180
	4.1	0	202.5
	5.0	0	292.5
	2.5	0	247.5
	2.5	0	135
	0.8	0	270
	0.8	0	315
	3.3	0	292.5
	1.7	0	247.5
	2.5	0	22.5
	2.5	0	315
	0.8	0	180
	0.0	0	0
	0.8	0	292.5
	0.8	0	247.5
	0.8	0	225
	0.8	0	225
	0.0	0	0
	0.8	0	180
	1.7	0	247.5
	0.8	0	202.5
	0.8	0	202.5
	0.0	0	0
	0.0	0	0
	1.7	0	90
	0.8	0	157.5
	0.8	1	135
	1.7	0	180
	0.8	0	157.5
	2.5	0	22.5
	2.5	0	22.5
	2.5	0	22.5
	1.7	0	22.5
	1.7	0	22.5
	0.8	0	22.5
	1.7	0	292.5
	1.7	0	315
	1.7	0	292.5
	1.7	0	315
	0.8	0	270
	0.0	0	0
	0.8	0	135
	1.7	0	270
	0.8	0	202.5
	0.8	0	315
	0.8	0	22.5
	0.8	0	0
	1.7	0	135
	1.7	0	202.5
	1.7	0	180
	0.8	0	22.5
	2.5	0	22.5
	2.5	0	22.5
	2.5	0	22.5
	2.5	0	22.5
	0.8	0	157.5
	4.1	0	225
	2.5	0	292.5
	0.8	0	337.5
	1.7	0	67.5
	2.5	0	90
	0.0	0	0
	0.8	0	225
	1.7	0	202.5
	0.8	0	247.5
	2.5	0	292.5
	1.7	0	225
	0.8	0	225
	0.8	0	225
	0.8	0	225
	1.7	0	157.5
	0.8	0	45
	1.7	0	0
	1.7	0	45
	1.7	0	45
	1.7	0	337.5
	1.7	0	337.5
	1.7	0	22.5
	1.7	0	67.5
	2.5	0	67.5
	1.7	0	225
	1.7	1	247.5
	2.5	0	202.5
	6.6	6	202.5
	4.1	7	202.5
	1.7	1	247.5
	1.7	0	202.5
	1.7	0	247.5
	1.7	0	225
	0.0	0	0
	1.7	0	225
	1.7	0	225
	1.7	0	225
	1.7	0	202.5
	0.8	0	225
	1.7	0	180
	1.7	0	225
	0.8	0	202.5
	1.7	0	0
	2.5	0	22.5
	1.7	0	22.5
	1.7	0	22.5
	3.3	0	0
	1.7	0	0
	1.7	0	225
	2.5	0	202.5
	1.7	0	225
	2.5	0	202.5
	1.7	0	225
	1.7	0	225
	2.5	0	225
	1.7	0	225
	1.7	0	247.5
	0.8	0	225
	1.7	0	225
	1.7	0	225
	2.5	0	202.5
	0.8	0	225
	1.7	0	202.5
	2.5	0	180
	1.7	0	180
	1.7	0	315
	0.8	0	22.5
	1.7	0	22.5
	1.7	0	22.5
	3.3	0	22.5
	2.5	0	0
	2.5	0	22.5
	1.7	0	22.5
	1.7	0	0
	1.7	0	337.5
	1.7	0	315
	0.8	0	292.5
	0.8	0	247.5
	1.7	0	202.5
	0.8	0	225
	0.8	0	225
	0.8	0	225
	0.8	0	225
	0.8	0	225
	0.8	0	225
	0.8	0	225
	0.8	0	157.5
	0.8	0	292.5
	1.7	0	180
	1.7	0	90
	0.8	0	67.5
	2.5	0	22.5
	1.7	0	22.5
	3.3	0	22.5
	1.7	0	22.5
	2.5	0	22.5
	2.5	0	22.5
	1.7	0	22.5
	0.8	0	22.5
	1.7	0	22.5
	0.8	0	315
	0.8	0	292.5
	0.8	0	247.5
	0.8	0	225
	0.8	0	202.5
	1.7	0	225
	0.8	0	202.5
	1.7	0	202.5
	0.8	0	180
	0.8	0	202.5
	0.8	0	202.5
	0.8	0	157.5
	0.8	0	337.5
	1.7	0	0
	0.8	0	45
	3.3	0	22.5
	3.3	0	22.5
	2.5	0	22.5
	2.5	0	22.5
	3.3	0	22.5
	3.3	0	22.5
	2.5	0	0
	0.8	0	0
	1.7	0	315
	1.7	0	315
	0.8	0	270
	0.8	0	270
	1.7	0	225
	1.7	0	225
	0.8	0	202.5
	1.7	0	202.5
	0.8	0	247.5
	0.8	0	202.5
	0.0	0	0
	0.8	0	202.5
	0.0	0	0
	0.8	0	45
	2.5	0	0
	1.7	0	45
	2.5	0	22.5
	3.3	0	22.5
	4.1	0	22.5
	2.5	0	22.5
	3.3	0	22.5
	2.5	0	22.5
	1.7	0	22.5
	0.8	0	0
	0.8	0	337.5
	0.8	0	0
	0.8	0	315
	0.0	0	0
	0.8	0	225
	0.8	0	247.5
	0.8	0	202.5
	1.7	0	315
	0.8	0	292.5
	1.7	0	270
	0.8	0	225
	0.8	0	180
	1.7	0	202.5
	1.7	0	180
	0.8	0	270
	1.7	0	45
	2.5	0	22.5
	3.3	0	22.5
	3.3	0	22.5
	3.3	0	22.5
	2.5	0	22.5
	1.7	0	22.5
	2.5	0	22.5
	0.8	0	315
	1.7	0	0
	0.8	0	292.5
	0.8	0	337.5
	0.8	0	292.5
	0.8	0	270
	0.8	0	247.5
	1.7	0	225
	0.8	0	225
	0.8	0	225
	0.8	0	225
	1.7	0	225
	1.7	0	202.5
	0.8	0	180
	0.8	0	67.5
	1.7	0	45
	2.5	0	45
	2.5	0	22.5
	2.5	0	45
	3.3	0	22.5
	3.3	0	45
	3.3	0	22.5
	2.5	0	22.5
	2.5	0	22.5
	2.5	0	22.5
	1.7	0	22.5
	0.8	0	22.5
	0.0	0	0
	1.7	0	202.5
	0.8	0	225
	0.8	0	225
	1.7	0	225
	0.8	0	225
	0.8	0	225
	1.7	0	225
	0.0	0	0
	1.7	0	180
	0.8	0	292.5
	0.8	0	112.5
	1.7	0	22.5
	3.3	0	22.5
	2.5	0	22.5
	3.3	0	45
	2.5	0	22.5
	4.1	0	22.5
	2.5	0	22.5
	2.5	0	22.5
	1.7	0	22.5
	2.5	0	22.5
	1.7	0	22.5
	0.8	0	270
	1.7	0	202.5
	1.7	0	225
	2.5	0	225
	1.7	0	225
	1.7	0	225
	1.7	0	225
	0.8	0	225
	1.7	0	225
	1.7	0	225
	1.7	0	225
	0.8	0	135
	0.8	0	45
	0.8	0	22.5
	2.5	0	22.5
	4.1	0	22.5
	3.3	0	22.5
	2.5	0	22.5
	2.5	0	22.5
	3.3	0	22.5
	1.7	0	22.5
	2.5	0	0
	1.7	0	0
	0.8	0	22.5
	0.0	0	0
	0.8	0	202.5
	1.7	0	202.5
	1.7	0	225
	1.7	0	225
	1.7	0	225
	0.8	0	202.5
	1.7	0	202.5
	0.8	0	225
	1.7	0	225
	0.0	0	0
	1.7	0	157.5
	0.8	0	270
	1.7	0	270
	1.7	0	22.5
	3.3	0	22.5
	2.5	0	45
	2.5	0	45
	3.3	0	22.5
	1.7	0	22.5
	2.5	0	22.5
	1.7	0	22.5
	1.7	0	0
	1.7	0	22.5
	0.8	0	22.5
	0.8	0	0
	2.5	0	202.5
	1.7	0	202.5
	1.7	0	225
	1.7	0	225
	0.8	0	247.5
	0.8	0	202.5
	0.0	0	0
	0.8	0	180
	0.8	0	225
	0.8	0	292.5
	2.5	0	315
	1.7	0	45
	1.7	0	315
	2.5	0	0
	1.7	0	22.5
	2.5	0	22.5
	2.5	0	0
	2.5	0	337.5
	1.7	0	337.5
	1.7	0	337.5
	1.7	0	337.5
	0.8	0	270
	0.8	0	225
	1.7	0	225
	0.8	0	202.5
	1.7	0	202.5
	0.8	0	247.5
	0.0	0	0
	0.0	0	0
	0.8	0	225
	0.8	0	202.5
	0.8	0	315
	1.7	0	337.5
	0.8	0	90
	0.0	0	0
	0.8	0	22.5
	3.3	0	22.5
	3.3	0	22.5
	3.3	0	22.5
	3.3	0	22.5
	2.5	0	45
	2.5	0	22.5
	3.3	0	22.5
	2.5	0	45
	3.3	0	45
	2.5	0	45
	0.8	0	22.5
	0.8	0	247.5
	0.8	0	225
	1.7	0	225
	1.7	0	247.5
	0.0	0	0
	1.7	0	202.5
	1.7	0	180
	2.5	0	180
	1.7	0	202.5
	1.7	0	202.5
	2.5	0	180
	0.8	0	180
	1.7	0	292.5
	2.5	0	315
	2.5	0	45
	3.3	0	22.5
	3.3	0	22.5
	2.5	0	22.5
	2.5	0	22.5
	1.7	0	337.5
	1.7	0	0
	1.7	0	315
	0.0	0	0
	0.8	0	202.5
	1.7	0	247.5
	1.7	0	225
	1.7	0	225
	0.8	0	202.5
	1.7	0	202.5
	0.8	0	247.5
	1.7	0	225
	1.7	0	225
	1.7	0	247.5
	0.8	0	270
	2.5	0	180
	1.7	0	180
	0.8	0	292.5
	2.5	0	0
	1.7	0	22.5
	3.3	0	22.5
	4.1	0	22.5
	2.5	0	45
	3.3	0	22.5
	2.5	0	22.5
	3.3	0	45
	2.5	0	90
	1.7	0	45
	1.7	0	45
	1.7	0	225
	1.7	0	225
	1.7	0	247.5
	1.7	0	202.5
	1.7	0	225
	0.8	0	225
	0.8	0	202.5
	0.0	0	0
	0.8	0	180
	0.8	0	202.5
	1.7	0	202.5
	1.7	0	202.5
	1.7	0	337.5
	2.5	0	0
	3.3	0	22.5
	3.3	0	22.5
	2.5	0	22.5
	2.5	0	22.5
	2.5	0	22.5
	2.5	0	0
	2.5	0	22.5
	2.5	2	292.5
	2.5	0	22.5
	0.8	0	315
	1.7	0	270
	0.0	0	0
	1.7	0	292.5
	2.5	0	180
	4.1	0	157.5
	2.5	1	180
	3.3	0	180
	1.7	0	247.5
	2.5	0	225
	3.3	0	180
	2.5	0	180
	3.3	0	180
	3.3	0	157.5
	1.7	0	337.5
	3.3	0	0
	3.3	0	22.5
	4.1	0	22.5
	2.5	0	90
	1.7	0	337.5
	1.7	0	22.5
	2.5	0	22.5
	1.7	0	0
	0.8	0	225
	2.5	0	202.5
	2.5	0	225
	1.7	0	202.5
	1.7	0	225
	2.5	0	202.5
	2.5	0	157.5
	4.1	0	157.5
	3.3	0	180
	3.3	0	157.5
	2.5	0	157.5
	3.3	0	157.5
	3.3	0	180
	2.5	0	180
	4.1	0	180
	3.3	0	202.5
	2.5	0	247.5
	2.5	0	202.5
	3.3	0	202.5
	2.5	0	270
	2.5	0	225
	2.5	0	202.5
	3.3	0	202.5
	4.1	0	180
	2.5	0	202.5
	3.3	0	180
	3.3	0	180
	3.3	0	180
	3.3	0	180
	3.3	0	157.5
	3.3	0	180
	4.1	0	157.5
	2.5	0	180
	4.1	0	180
	4.1	0	180
	3.3	0	180
	4.1	0	202.5
	3.3	0	157.5
	2.5	0	180
	2.5	0	247.5
	1.7	0	270
	1.7	0	202.5
	1.7	0	180
	2.5	0	157.5
	2.5	0	180
	1.7	0	202.5
	2.5	0	202.5
	2.5	0	202.5
	1.7	0	202.5
	2.5	0	180
	2.5	0	180
	3.3	0	180
	3.3	0	180
	3.3	0	180
	4.1	0	202.5
	4.1	0	180
	4.1	0	180
	4.1	0	202.5
	4.1	0	180
	4.1	0	180
	4.1	0	180
	3.3	0	180
	3.3	0	157.5
	3.3	0	202.5
	2.5	0	225
	4.1	0	22.5
	3.3	0	22.5
	5.0	0	22.5
	3.3	0	22.5
	3.3	0	22.5
	2.5	0	22.5
	1.7	0	67.5
	1.7	0	180
	1.7	0	225
	0.8	0	180
	1.7	0	157.5
	2.5	0	202.5
	2.5	0	202.5
	1.7	0	202.5
	1.7	0	180
	1.7	0	225
	0.8	0	247.5
	2.5	0	202.5
	1.7	0	202.5
	3.3	0	135
	2.5	0	135
	3.3	0	157.5
	3.3	0	67.5
	4.1	0	67.5
	3.3	0	22.5
	4.1	0	22.5
	4.1	0	67.5
	3.3	0	112.5
	1.7	5	225
	1.7	0	225
	0.8	0	315
	0.8	0	180
	1.7	0	202.5
	2.5	0	202.5
	3.3	0	180
	3.3	0	157.5
	2.5	0	157.5
	3.3	0	180
	2.5	0	157.5
	2.5	0	157.5
	2.5	0	157.5
	3.3	0	180
	1.7	0	180
	4.1	0	180
	3.3	0	135
	3.3	0	157.5
	1.7	0	202.5
	2.5	0	337.5
	4.1	0	22.5
	4.1	0	22.5
	4.1	0	22.5
	4.1	0	22.5
	2.5	0	22.5
	1.7	0	0
	1.7	0	45
	1.7	0	157.5
	1.7	0	270
	1.7	0	202.5
	1.7	0	202.5
	2.5	0	180
	2.5	0	202.5
	3.3	0	180
	1.7	0	247.5
	0.8	0	225
	2.5	0	202.5
	0.8	0	157.5
	1.7	0	202.5
	0.8	0	225
	5.0	0	157.5
	3.3	1	157.5
	3.3	0	202.5
	1.7	1	247.5
	1.7	1	270
	2.5	1	202.5
	3.3	0	180
	3.3	0	202.5
	2.5	0	202.5
	0.8	0	247.5
	0.8	3	112.5
	0.8	0	225
	0.8	0	270
	0.8	0	202.5
	0.8	0	292.5
	1.7	0	270
	0.8	0	90
	0.0	0	0
	0.8	0	202.5
	0.8	0	247.5
	0.0	0	0
	0.8	0	292.5
	0.0	0	0
	0.0	0	0
	1.7	0	22.5
	1.7	0	0
	2.5	0	22.5
	3.3	0	22.5
	2.5	0	22.5
	2.5	0	22.5
	3.3	0	22.5
	2.5	0	0
	1.7	0	0
	1.7	0	337.5
	1.7	0	337.5
	0.8	0	180
	1.7	0	202.5
	2.5	0	202.5
	1.7	0	202.5
	1.7	0	225
	0.8	0	202.5
	2.5	0	225
	1.7	0	202.5
	0.8	0	225
	0.8	0	180
	1.7	0	157.5
	2.5	0	225
	2.5	0	202.5
	1.7	0	180
	0.8	0	292.5
	2.5	0	0
	2.5	0	22.5
	3.3	0	45
	2.5	0	22.5
	2.5	0	22.5
	2.5	0	22.5
	1.7	0	0
	2.5	0	22.5
	0.8	0	22.5
	0.8	0	22.5
	1.7	0	90
	1.7	0	225
	1.7	0	247.5
	0.8	0	225
	0.8	0	202.5
	0.8	0	247.5
	2.5	0	202.5
	3.3	0	180
	1.7	0	90
	0.8	0	180
	0.0	0	0
	2.5	0	45
	2.5	0	22.5
	4.1	0	22.5
	3.3	0	0
	4.1	0	22.5
	2.5	0	0
	2.5	0	337.5
	2.5	0	0
	2.5	0	22.5
	1.7	0	22.5
	2.5	0	22.5
	0.8	0	0
	0.8	0	0
	0.8	0	292.5
	0.8	0	202.5
	0.8	0	225
	0.8	0	247.5
	0.8	0	225
	0.8	0	225
	0.8	0	202.5
	1.7	0	292.5
	1.7	0	135
	0.8	0	337.5
	0.8	0	45
	2.5	0	202.5
	1.7	0	247.5
	2.5	0	22.5
	3.3	0	22.5
	3.3	0	22.5
	3.3	0	22.5
	2.5	0	22.5
	3.3	0	315
	2.5	0	45
	1.7	0	180
	1.7	1	247.5
	1.7	0	202.5
	0.8	0	180
	0.8	0	225
	0.0	0	0
	0.8	0	202.5
	1.7	0	292.5
	1.7	0	247.5
	1.7	0	270
	0.8	0	225
	1.7	0	270
	1.7	0	202.5
	0.8	0	225
	1.7	0	225
	1.7	0	180
	1.7	0	247.5
	1.7	0	315
	2.5	0	0
	2.5	0	22.5
	1.7	0	22.5
	2.5	0	0
	2.5	0	22.5
	2.5	0	22.5
	1.7	0	22.5
	1.7	0	0
	0.8	0	0
	1.7	0	292.5
	0.8	0	202.5
	0.8	0	225
	1.7	0	247.5
	0.8	0	202.5
	1.7	0	157.5
	0.8	0	247.5
	1.7	0	225
	1.7	0	225
	0.8	0	225
	0.8	0	202.5
	1.7	0	202.5
	0.8	0	180
	0.8	0	22.5
	0.8	0	67.5
	3.3	0	22.5
	2.5	0	0
	4.1	0	22.5
	4.1	0	22.5
	4.1	0	45
	4.1	0	22.5
	5.0	0	22.5
	4.1	0	45
	2.5	0	45
	2.5	0	22.5
	2.5	0	22.5
	1.7	0	22.5
	0.8	0	0
	0.0	0	0
	0.8	0	90
	0.8	0	135
	0.8	0	202.5
	1.7	0	202.5
	0.8	0	225
	0.8	0	225
	1.7	0	202.5
	0.0	0	0
	2.5	0	45
	3.3	0	22.5
	3.3	0	22.5
	3.3	0	22.5
	3.3	0	22.5
	3.3	0	45
	4.1	0	22.5
	5.0	0	22.5
	4.1	0	22.5
	3.3	0	22.5
	2.5	0	22.5
	1.7	0	22.5
	0.8	0	0
	0.8	0	202.5
	1.7	0	202.5
	1.7	0	225
	1.7	0	202.5
	0.8	0	247.5
	1.7	0	202.5
	0.8	0	225
	1.7	0	225
	0.8	0	202.5
	1.7	0	202.5
	0.8	0	225
	0.8	0	90
	1.7	0	0
	1.7	0	0
	3.3	0	22.5
	3.3	0	22.5
	3.3	0	22.5
	3.3	0	22.5
	3.3	0	22.5
	2.5	0	22.5
	2.5	0	22.5
	0.8	0	0
	0.0	0	0
	0.8	0	225
	1.7	0	202.5
	1.7	0	225
	0.8	0	225
	0.8	0	225
	0.8	0	225
	0.8	0	247.5
	0.8	0	247.5
	1.7	0	292.5
	0.8	0	202.5
	0.8	0	202.5
	0.8	0	225
	1.7	0	315
	1.7	0	337.5
	2.5	0	22.5
	2.5	0	337.5
	3.3	0	22.5
	4.1	0	22.5
	3.3	0	22.5
	3.3	0	22.5
	2.5	0	22.5
	4.1	0	45
	3.3	0	45
	2.5	0	22.5
	1.7	0	315
	0.8	0	202.5
	2.5	0	225
	1.7	0	225
	1.7	0	225
	1.7	0	225
	1.7	0	247.5
	0.8	0	202.5
	0.8	0	225
	0.8	0	225
	0.8	0	225
	0.8	0	270
	1.7	0	315
	0.8	0	67.5
	1.7	0	112.5
	2.5	0	22.5
	3.3	0	22.5
	4.1	0	22.5
	3.3	0	22.5
	3.3	0	22.5
	1.7	0	22.5
	1.7	0	22.5
	1.7	0	22.5
	0.8	0	0
	1.7	0	225
	2.5	0	225
	0.8	0	225
	0.0	0	0
	0.8	0	225
	0.8	0	247.5
	0.8	0	202.5
	0.8	0	247.5
	1.7	0	225
	1.7	0	225
	0.8	0	247.5
	0.8	0	270
	0.8	0	180
	0.8	0	202.5
	1.7	0	45
	0.8	0	90
	1.7	0	45
	2.5	0	22.5
	2.5	0	0
	2.5	0	22.5
	3.3	0	22.5
	2.5	0	22.5
	1.7	0	22.5
	0.8	0	90
	0.0	0	0
	0.8	0	247.5
	0.8	0	202.5
	1.7	0	225
	0.8	0	247.5
	0.8	0	202.5
	0.8	0	247.5
	0.8	0	247.5
	0.8	0	247.5
	0.8	0	225
	1.7	0	180
	0.8	0	247.5
	1.7	0	270
	0.8	0	135
	1.7	0	22.5
	2.5	0	0
	2.5	0	0
	3.3	0	22.5
	3.3	0	0
	3.3	0	22.5
	1.7	0	22.5
	1.7	0	22.5
	1.7	0	22.5
	0.8	0	22.5
	1.7	0	90
	0.8	0	202.5
	0.8	0	247.5
	0.8	0	202.5
	1.7	0	225
	0.8	0	247.5
	1.7	0	225
	1.7	0	225
	1.7	0	225
	0.8	0	225
	0.8	0	225
	0.0	0	0
	0.8	0	90
	0.0	0	0
	2.5	0	22.5
	2.5	0	22.5
	3.3	0	22.5
	3.3	0	22.5
	3.3	0	22.5
	3.3	0	22.5
	4.1	0	45
	3.3	0	45
	2.5	0	45
	0.8	0	22.5
	0.0	0	0
	1.7	0	225
	1.7	0	225
	1.7	0	202.5
	0.8	0	225
	1.7	0	202.5
	1.7	0	247.5
	1.7	0	225
	0.8	0	225
	1.7	0	270
	1.7	0	247.5
	1.7	0	202.5
	0.8	0	157.5
	1.7	0	67.5
	1.7	0	270
	3.3	0	270
	1.7	0	337.5
	3.3	0	337.5
	3.3	0	292.5
	3.3	0	270
	1.7	0	270
	2.5	0	270
	0.8	0	225
	0.8	0	247.5
	0.8	0	270
	0.8	0	247.5
	0.8	0	247.5
	1.7	0	225
	0.8	0	225
	0.8	0	225
	1.7	0	225
	0.8	0	247.5
	1.7	0	202.5
	1.7	0	225
	0.8	0	247.5
	1.7	0	202.5
	1.7	0	247.5
	2.5	0	270
	2.5	0	270
	3.3	0	292.5
	3.3	0	292.5
	2.5	0	270
	4.1	0	270
	4.1	0	292.5
	4.1	0	270
	1.7	0	270
	0.8	0	292.5
	0.0	0	0
	0.8	0	247.5
	1.7	0	225
	0.8	0	202.5
	1.7	0	225
	2.5	0	202.5
	1.7	0	202.5
	1.7	0	225
	1.7	0	225
	0.8	0	225
	1.7	0	225
	1.7	0	225
	1.7	0	225
	0.8	0	225
	0.8	0	315
	2.5	0	22.5
	1.7	0	0
	2.5	0	337.5
	2.5	0	22.5
	3.3	0	45
	4.1	0	22.5
	4.1	0	22.5
	3.3	0	45
	3.3	0	45
	3.3	0	45
	1.7	0	45
	0.8	0	270
	0.8	0	225
	0.8	0	225
	1.7	0	202.5
	0.8	0	225
	0.8	0	180
	1.7	0	202.5
	0.8	0	247.5
	0.8	0	202.5
	0.0	0	0
	0.8	0	247.5
	0.8	0	292.5
	2.5	0	22.5
	2.5	0	45
	4.1	0	45
	3.3	0	22.5
	3.3	0	22.5
	3.3	0	22.5
	3.3	0	22.5
	2.5	0	0
	1.7	0	337.5
	1.7	0	0
	1.7	0	0
	0.0	0	0
	0.8	0	202.5
	1.7	0	202.5
	1.7	0	225
	0.8	0	225
	0.0	0	0
	0.8	0	247.5
	0.8	0	225
	1.7	0	202.5
	0.8	0	247.5
	0.8	0	270
	1.7	0	315
	0.8	0	45
	1.7	0	0
	1.7	0	337.5
	1.7	0	22.5
	3.3	0	22.5
	3.3	0	22.5
	2.5	0	22.5
	2.5	0	22.5
	3.3	0	22.5
	2.5	0	22.5
	2.5	0	45
	0.8	0	22.5
	0.8	0	135
	1.7	0	202.5
	0.8	0	225
	1.7	0	202.5
	1.7	0	247.5
	1.7	0	225
	1.7	0	225
	1.7	0	247.5
	0.8	0	247.5
	1.7	0	225
	1.7	0	225
	2.5	0	180
	3.3	0	180
	4.1	0	180
	3.3	0	180
	4.1	0	202.5
	5.8	0	202.5
	5.0	0	180
	4.1	0	180
	4.1	0	202.5
	4.1	0	202.5
	2.5	0	180
	4.1	0	202.5
	4.1	0	180
	3.3	0	180
	5.0	0	180
	5.0	0	202.5
	4.1	0	202.5
	4.1	0	202.5
	3.3	0	180
	4.1	0	180
	4.1	0	180
	5.0	0	202.5
	2.5	0	180
	4.1	0	180
	3.3	0	180
	4.1	0	180
	4.1	0	180
	3.3	0	157.5
	5.0	0	180
	5.0	0	157.5
	4.1	0	157.5
	5.0	0	180
	3.3	0	202.5
	3.3	0	180
	2.5	0	180
	4.1	0	67.5
	3.3	0	270
	4.1	0	270
	5.0	0	270
	3.3	0	247.5
	1.7	0	247.5
	1.7	0	270
	0.8	0	292.5
	0.8	3	202.5
	0.8	1	202.5
	0.8	0	202.5
	1.7	0	202.5
	0.8	0	225
	0.8	0	180
	1.7	0	225
	1.7	0	0
	4.1	0	22.5
	3.3	0	22.5
	3.3	0	22.5
	4.1	0	22.5
	4.1	0	22.5
	5.0	0	22.5
	4.1	0	45
	3.3	0	22.5
	1.7	0	0
	1.7	0	22.5
	0.0	0	0
	1.7	0	202.5
	1.7	0	202.5
	0.8	0	225
	1.7	0	202.5
	0.8	0	225
	0.8	0	225
	0.8	0	225
	0.8	0	225
	0.8	0	202.5
	0.0	0	0
	1.7	0	67.5
	1.7	0	337.5
	2.5	0	0
	2.5	0	0
	2.5	0	22.5
	2.5	0	22.5
	3.3	0	22.5
	2.5	0	22.5
	2.5	0	0
	1.7	0	0
	1.7	0	0
	0.8	0	337.5
	0.8	0	337.5
	0.8	0	292.5
	0.8	0	225
	1.7	0	202.5
	1.7	0	225
	0.8	0	225
	0.8	0	180
	0.8	0	225
	0.8	0	202.5
	0.8	0	225
	0.8	0	225
	0.8	0	202.5
	1.7	0	225
	0.8	0	270
	1.7	0	270
	1.7	0	292.5
	2.5	0	292.5
	2.5	0	337.5
	2.5	2	315
	0.8	0	292.5
	1.7	0	180
	2.5	0	135
	1.7	0	202.5
	0.8	0	247.5
	1.7	0	202.5
	0.8	0	202.5
	0.8	0	202.5
	1.7	0	202.5
	0.8	0	225
	0.8	0	225
	1.7	0	202.5
	2.5	0	225
	0.8	0	225
	0.8	0	225
	1.7	0	247.5
	1.7	0	225
	1.7	0	247.5
	0.8	0	292.5
	0.8	0	225
	2.5	0	0
	2.5	0	22.5
	2.5	0	337.5
	3.3	0	0
	3.3	0	45
	3.3	0	22.5
	3.3	0	22.5
	1.7	0	22.5
	0.8	0	0
	0.8	0	22.5
	0.0	0	0
	1.7	0	202.5
	0.8	0	225
	1.7	0	225
	1.7	0	225
	1.7	0	225
	1.7	0	247.5
	1.7	0	202.5
	1.7	0	225
	1.7	0	225
	1.7	0	202.5
	3.3	0	202.5
	2.5	0	180
	1.7	0	225
	0.8	0	67.5
	3.3	0	22.5
	2.5	0	22.5
	3.3	0	22.5
	2.5	0	45
	1.7	0	22.5
	0.8	0	0
	1.7	0	337.5
	0.8	0	337.5
	1.7	0	225
	3.3	0	180
	4.1	0	202.5
	2.5	0	225
	2.5	0	202.5
	3.3	0	180
	3.3	0	202.5
	2.5	0	202.5
	3.3	0	202.5
	3.3	0	180
	3.3	0	180
	3.3	0	202.5
	4.1	0	180
	3.3	0	180
	5.0	0	202.5
	5.0	0	202.5
	4.1	0	180
	4.1	0	202.5
	3.3	8	315
	0.8	17	315
	1.7	7	180
	1.7	3	135
	0.8	1	270
	0.8	2	292.5
	1.7	2	202.5
	0.8	0	202.5
	0.8	0	225
	2.5	0	225
	1.7	0	202.5
	3.3	0	225
	1.7	0	247.5
	1.7	0	225
	1.7	0	180
	1.7	0	225
	1.7	0	202.5
	2.5	0	225
	1.7	0	202.5
	1.7	0	202.5
	1.7	0	225
	4.1	0	337.5
	1.7	1	90
	1.7	0	67.5
	0.8	0	67.5
	1.7	0	45
	2.5	0	292.5
	2.5	0	292.5
	1.7	0	315
	1.7	0	292.5
	2.5	0	225
	1.7	0	225
	1.7	0	225
	1.7	0	202.5
	2.5	0	225
	1.7	0	202.5
	2.5	0	202.5
	2.5	0	202.5
	2.5	0	202.5
	1.7	0	202.5
	2.5	0	202.5
	1.7	0	202.5
	1.7	0	202.5
	0.8	0	225
	0.8	0	22.5
	1.7	0	0
	1.7	0	0
	2.5	0	22.5
	3.3	0	22.5
	2.5	0	22.5
	1.7	0	22.5
	0.8	0	22.5
	1.7	0	0
	0.0	0	0
	1.7	0	202.5
	2.5	0	225
	0.8	0	225
	1.7	0	202.5
	1.7	0	225
	0.8	0	247.5
	1.7	0	225
	1.7	0	225
	1.7	0	225
	1.7	0	225
	2.5	0	202.5
	2.5	0	225
	2.5	0	225
	0.8	0	225
	1.7	0	202.5
	0.8	0	202.5
	0.8	0	292.5
	1.7	0	22.5
	0.8	0	22.5
	0.8	0	135
	0.8	0	67.5
	1.7	3	180
	2.5	0	45
	0.0	0	0
	0.0	0	0
	0.0	0	0
	0.8	0	202.5
	0.8	0	337.5
	0.8	0	180
	0.0	0	0
	0.8	0	292.5
	0.0	0	0
	0.8	0	292.5
	1.7	7	157.5
	2.5	0	202.5
	3.3	4	202.5
	1.7	3	225
	1.7	8	225
	1.7	1	202.5
	0.8	0	180
	1.7	0	45
	3.3	7	45
	2.5	0	90
	0.8	2	90
	0.0	2	0
	0.0	0	0
	0.8	0	247.5
	0.8	0	225
	0.8	0	225
	0.8	0	202.5
	0.8	0	202.5
	0.8	0	225
	0.8	0	202.5
	0.8	0	202.5
	0.8	0	202.5
	1.7	0	225
	0.8	0	202.5
	0.8	0	225
	1.7	0	225
	1.7	0	225
	1.7	0	315
	1.7	0	225
	1.7	0	247.5
	3.3	0	225
	3.3	0	247.5
	3.3	0	247.5
	3.3	0	270
	3.3	0	270
	3.3	0	270
	4.1	0	270
	2.5	0	270
	1.7	1	292.5
	1.7	0	315
	0.8	0	315
	0.0	0	0
	0.8	0	225
	0.0	0	0
	0.8	0	202.5
	0.8	0	247.5
	1.7	0	247.5
	1.7	0	247.5
	1.7	0	225
	1.7	0	225
	1.7	0	225
	0.8	0	225
	0.8	0	315
	2.5	0	337.5
	1.7	0	247.5
	0.8	0	45
	2.5	0	67.5
	2.5	0	337.5
	2.5	0	315
	2.5	0	0
	3.3	0	22.5
	3.3	0	22.5
	2.5	1	0
	1.7	0	0
	2.5	0	22.5
	0.8	0	225
	0.0	0	0
	0.8	0	180
	0.8	0	202.5
	1.7	0	225
	0.8	0	225
	1.7	0	225
	1.7	0	247.5
	0.8	0	247.5
	1.7	0	202.5
	1.7	0	202.5
	0.8	0	225
	2.5	0	22.5
	2.5	0	22.5
	2.5	0	22.5
	3.3	0	45
	3.3	0	22.5
	2.5	0	45
	4.1	0	45
	2.5	0	45
	4.1	0	45
	3.3	0	45
	1.7	0	67.5
	0.8	0	202.5
	1.7	0	247.5
	1.7	0	225
	1.7	0	247.5
	1.7	0	225
	1.7	0	157.5
	2.5	0	202.5
	2.5	0	180
	2.5	0	202.5
	1.7	0	202.5
	1.7	0	202.5
	1.7	0	180
	1.7	0	202.5
	1.7	0	202.5
	0.8	0	45
	1.7	0	0
	1.7	0	22.5
	1.7	0	22.5
	0.8	0	45
	0.8	0	0
	0.8	0	135
	0.8	0	22.5
	0.8	0	90
	0.0	0	0
	0.0	0	0
	1.7	0	270
	0.8	0	90
	0.8	0	45
	1.7	2	45
	1.7	2	90
	0.0	2	0
	0.8	4	180
	0.8	5	67.5
	0.8	4	112.5
	0.8	4	337.5
	1.7	4	135
	0.8	2	225
	0.8	2	225
	0.8	2	270
	1.7	1	202.5
	0.8	0	247.5
	0.8	1	270
	0.8	0	0
	1.7	0	90
	0.8	0	135
	0.8	0	90
	0.0	0	0
	1.7	1	225
	0.0	15	0
	3.3	9	67.5
	1.7	0	45
	0.8	0	247.5
	0.8	0	225
	1.7	0	202.5
	0.0	0	0
	1.7	0	135
	0.0	0	0
	1.7	0	202.5
	0.8	0	225
	0.0	0	0
	0.8	0	225
	0.8	0	337.5
	2.5	0	22.5
	3.3	0	22.5
	3.3	0	22.5
	2.5	0	0
	2.5	0	22.5
	1.7	0	22.5
	1.7	0	45
	0.8	0	315
	0.8	0	225
	2.5	0	225
	1.7	0	202.5
	1.7	0	202.5
	1.7	0	135
	0.0	0	0
	0.8	0	157.5
	0.0	0	0
	2.5	1	180
	2.5	0	202.5
	4.1	0	202.5
	2.5	0	202.5
	2.5	0	202.5
	3.3	0	225
	3.3	0	180
	2.5	0	202.5
	3.3	0	225
	2.5	0	202.5
	1.7	11	225
	2.5	6	202.5
	0.8	4	180
	1.7	5	180
	0.8	0	225
	1.7	0	225
	1.7	0	202.5
	2.5	1	180
	0.8	1	225
	1.7	1	247.5
	1.7	0	202.5
	0.8	0	202.5
	1.7	0	225
	0.8	0	247.5
	0.8	0	202.5
	0.8	0	225
	0.8	1	202.5
	0.0	0	0
	0.8	0	292.5
	0.0	0	0
	0.8	0	270
	0.8	1	292.5
	1.7	1	337.5
	2.5	3	22.5
	2.5	2	22.5
	1.7	0	22.5
	2.5	1	0
	1.7	0	112.5
	0.8	0	112.5
	0.8	0	22.5
	0.8	0	180
	0.0	0	0
	1.7	3	157.5
	0.8	1	225
	0.0	0	0
	1.7	0	225
	1.7	0	315
	0.8	0	202.5
	0.8	0	315
	2.5	1	292.5
	2.5	2	112.5
	0.8	16	202.5
	0.8	5	135
	0.0	1	0
	0.8	0	22.5
	3.3	2	22.5
	2.5	0	22.5
	2.5	0	22.5
	3.3	0	22.5
	3.3	0	22.5
	2.5	0	22.5
	2.5	0	22.5
	2.5	0	0
	2.5	0	45
	1.7	0	112.5
	0.8	0	90
	0.0	0	0
	1.7	0	202.5
	0.8	0	247.5
	0.8	0	292.5
	1.7	0	180
	0.0	0	0
	0.8	0	202.5
	0.8	0	225
	0.0	0	0
	0.8	0	225
	0.8	0	247.5
	1.7	0	180
	0.0	0	0
	0.8	0	90
	2.5	0	22.5
	2.5	0	22.5
	3.3	0	22.5
	3.3	0	22.5
	3.3	0	22.5
	3.3	0	22.5
	3.3	0	22.5
	1.7	0	22.5
	0.8	0	22.5
	0.8	0	22.5
	1.7	0	202.5
	0.8	0	225
	0.0	0	0
	1.7	0	225
	0.8	0	202.5
	0.8	0	202.5
	0.8	0	270
	1.7	0	292.5
	0.8	0	157.5
	0.8	0	202.5
	0.8	0	202.5
	0.8	0	270
	0.8	0	135
	0.8	0	90
	0.8	0	0
	1.7	2	67.5
	0.8	1	90
	0.8	4	112.5
	1.7	4	90
	0.8	1	157.5
	1.7	1	225
	0.8	3	202.5
	0.8	1	202.5
	1.7	1	225
	0.8	0	225
	0.8	0	270
	0.8	0	202.5
	0.8	0	225
	0.0	0	0
	0.8	0	180
	0.8	0	292.5
	0.8	3	225
	0.0	1	0
	2.5	2	67.5
	4.1	2	45
	3.3	2	45
	2.5	2	90
	2.5	3	67.5
	0.0	3	0
	0.8	1	225
	0.0	0	0
	0.0	0	0
	0.8	0	292.5
	0.0	0	0
	1.7	0	45
	0.8	1	67.5
	0.8	1	135
	1.7	0	157.5
	0.8	1	135
	1.7	0	337.5
	0.8	2	270
	0.0	1	0
	1.7	0	225
	1.7	0	202.5
	0.8	0	157.5
	1.7	0	225
	0.8	0	202.5
	0.8	4	202.5
	0.0	1	0
	0.0	5	0
	0.8	9	135
	0.0	1	0
	0.8	1	315
	0.8	2	157.5
	0.8	1	180
	0.0	5	0
	0.8	2	202.5
	0.8	1	270
	0.8	0	45
	0.8	0	67.5
	0.8	0	67.5
	0.8	0	202.5
	0.8	1	180
	0.8	0	225
	1.7	0	292.5
	0.8	0	337.5
	0.8	1	180
	0.8	0	202.5
	0.8	0	225
	0.8	2	202.5
	0.0	1	0
	0.8	1	292.5
	0.8	0	270
	0.0	0	0
	0.8	0	315
	0.8	0	180
	0.8	0	180
	0.8	0	337.5
	1.7	0	292.5
	0.8	0	202.5
	0.8	0	202.5
	0.0	0	0
	1.7	0	180
	0.8	0	202.5
	1.7	0	225
	1.7	1	225
	1.7	0	225
	2.5	6	135
	1.7	0	225
	1.7	0	225
	0.8	0	225
	1.7	0	225
	1.7	0	225
	1.7	0	270
	2.5	0	202.5
	1.7	0	202.5
	0.8	2	225
	1.7	0	202.5
	0.8	0	270
	2.5	0	22.5
	3.3	0	45
	4.1	0	22.5
	4.1	0	45
	5.8	0	45
	5.0	0	45
	5.0	0	45
	3.3	0	45
	3.3	0	22.5
	2.5	0	45
	2.5	0	45
	0.8	0	135
	1.7	0	180
	0.8	0	247.5
	1.7	0	225
	1.7	0	225
	0.8	0	180
	0.8	0	225
	1.7	0	202.5
	1.7	0	225
	1.7	0	225
	1.7	0	225
	0.8	0	247.5
	1.7	0	67.5
	1.7	0	22.5
	2.5	0	22.5
	3.3	0	45
	3.3	0	22.5
	3.3	0	22.5
	3.3	0	22.5
	4.1	0	45
	3.3	0	45
	3.3	0	45
	0.8	0	90
	1.7	0	202.5
	0.8	0	225
	0.8	0	225
	1.7	0	225
	0.8	0	270
	0.8	0	180
	0.8	0	292.5
	0.8	0	180
	0.8	0	247.5
	0.8	0	202.5
	1.7	0	225
	0.8	0	202.5
	0.0	0	0
	0.8	0	247.5
	0.8	0	315
	0.8	0	315
	0.8	0	292.5
	0.0	1	0
	0.8	1	292.5
	0.8	2	270
	0.8	2	225
	0.8	3	202.5
	0.8	3	225
	1.7	3	247.5
	0.8	4	225
	0.8	2	247.5
	1.7	2	202.5
	0.0	1	0
	0.8	2	247.5
	0.8	1	202.5
	0.0	0	0
	0.8	1	225
	1.7	2	202.5
	0.8	0	225
	0.8	2	135
	0.8	1	180
	0.8	3	225
	0.8	1	225
	1.7	1	292.5
	0.0	2	0
	1.7	1	270
	0.8	0	247.5
	1.7	0	180
	0.8	0	180
	1.7	0	157.5
	2.5	0	157.5
	1.7	0	225
	0.8	0	202.5
	0.8	0	202.5
	0.8	0	225
	1.7	0	225
	1.7	0	225
	1.7	0	225
	1.7	0	225
	1.7	0	225
	1.7	0	225
	1.7	0	202.5
	1.7	0	225
	1.7	0	225
	1.7	1	225
	1.7	2	270
	1.7	1	157.5
	2.5	0	180
	2.5	0	157.5
	0.8	0	157.5
	0.8	0	112.5
	2.5	0	45
	2.5	0	0
	2.5	0	0
	2.5	0	315
	0.0	0	0
	0.0	0	0
	0.8	0	225
	1.7	0	225
	2.5	0	225
	0.8	0	225
	1.7	0	225
	0.8	0	270
	1.7	0	225
	2.5	0	225
	1.7	0	225
	1.7	0	247.5
	1.7	0	247.5
	1.7	0	225
	1.7	0	292.5
	2.5	0	247.5
	2.5	0	270
	5.8	0	270
	8.3	1	270
	3.3	0	247.5
	3.3	0	247.5
	2.5	0	202.5
	2.5	0	225
	1.7	0	202.5
	0.8	0	247.5
	0.8	0	225
	1.7	0	247.5
	0.8	0	225
	1.7	0	202.5
	2.5	0	202.5
	1.7	0	225
	1.7	0	225
	0.8	0	225
	1.7	0	225
	2.5	0	225
	1.7	0	247.5
	1.7	0	225
	1.7	0	202.5
	1.7	0	225
	1.7	0	225
	3.3	0	202.5
	1.7	0	225
	3.3	0	292.5
	1.7	0	157.5
	2.5	0	202.5
	1.7	0	315
	2.5	0	270
	1.7	0	270
	1.7	0	202.5
	0.8	0	225
	1.7	0	225
	2.5	0	202.5
	1.7	0	225
	1.7	0	202.5
	1.7	0	225
	1.7	0	202.5
	2.5	0	202.5
	2.5	0	225
	2.5	0	202.5
	2.5	0	202.5
	1.7	0	202.5
	2.5	0	202.5
	2.5	0	202.5
	2.5	0	202.5
	0.8	0	225
	0.8	0	67.5
	1.7	0	45
	2.5	0	45
	3.3	0	22.5
	2.5	0	22.5
	1.7	0	45
	2.5	0	67.5
	0.0	0	0
	2.5	0	225
	1.7	0	225
	0.8	0	225
	0.8	0	225
	0.8	0	202.5
	0.8	0	225
	0.8	0	225
	0.8	0	225
	0.8	0	225
	0.0	0	0
	0.8	0	157.5
	0.0	0	0
	0.8	0	202.5
	0.0	0	0
	0.8	0	202.5
	0.8	0	247.5
	2.5	0	292.5
	0.8	0	315
	0.8	0	225
	1.7	0	315
	1.7	0	90
	1.7	0	22.5
	0.8	0	315
	1.7	0	202.5
	0.8	0	225
	1.7	0	202.5
	0.8	0	247.5
	0.8	0	225
	1.7	0	225
	0.8	0	225
	0.8	0	225
	0.8	0	225
	1.7	0	225
	0.8	0	225
	0.8	0	270
	1.7	0	202.5
	1.7	0	202.5
	0.8	0	270
	1.7	0	202.5
	1.7	0	202.5
	0.8	0	45
	0.0	0	0
	1.7	0	90
	1.7	0	315
	0.8	0	202.5
	1.7	0	135
	0.8	1	202.5
	0.8	3	157.5
	1.7	3	22.5
	2.5	2	67.5
	0.0	2	0
	1.7	6	180
	1.7	2	112.5
	3.3	0	112.5
	2.5	0	157.5
	4.1	0	202.5
	4.1	0	157.5
	5.0	0	157.5
	5.8	0	180
	5.8	0	180
	4.1	0	202.5
	5.0	0	202.5
	4.1	0	180
	3.3	0	180
	5.8	0	180
	6.6	0	202.5
	5.8	0	202.5
	5.0	0	202.5
	5.8	0	202.5
	4.1	0	202.5
	4.1	0	202.5
	6.6	0	292.5
	5.8	2	270
	5.0	4	270
	5.8	6	270
	5.0	0	270
	2.5	0	247.5
	4.1	0	247.5
	3.3	1	270
	2.5	0	270
	1.7	1	247.5
	1.7	1	225
	3.3	0	247.5
	2.5	0	225
	2.5	0	202.5
	0.8	0	202.5
	2.5	0	247.5
	1.7	0	225
	0.8	0	180
	5.0	0	270
	3.3	0	247.5
	2.5	0	270
	3.3	0	247.5
	4.1	0	292.5
	3.3	6	202.5
	2.5	1	247.5
	4.1	1	225
	1.7	0	225
	2.5	2	225
	2.5	1	202.5
	2.5	3	247.5
	1.7	0	180
	1.7	3	180
	0.8	2	225
	0.8	1	247.5
	2.5	0	180
	1.7	0	180
	2.5	0	202.5
	1.7	1	180
	1.7	1	180
	1.7	0	202.5
	0.8	0	157.5
	3.3	0	202.5
	2.5	1	202.5
	2.5	0	225
	3.3	0	292.5
	4.1	0	292.5
	2.5	0	292.5
	1.7	0	315
	0.8	0	247.5
	0.8	0	225
	0.8	0	247.5
	1.7	0	247.5
	1.7	0	225
	1.7	0	247.5
	0.8	0	225
	0.8	0	270
	0.8	0	270
	0.8	0	202.5
	0.8	0	225
	1.7	0	225
	0.8	0	225
	1.7	0	225
	1.7	0	225
	0.8	0	225
	0.8	0	247.5
	2.5	0	45
	1.7	0	0
	2.5	0	45
	2.5	0	22.5
	2.5	0	22.5
	1.7	0	45
	1.7	0	67.5
	1.7	0	67.5
	0.0	0	0
	1.7	0	225
	0.8	0	225
	1.7	0	225
	1.7	0	202.5
	1.7	0	225
	0.8	0	225
	0.8	0	225
	0.0	0	0
	0.0	0	0
	0.8	0	90
	0.0	0	0
	1.7	0	225
	2.5	0	202.5
	2.5	0	180
	1.7	0	157.5
	2.5	0	202.5
	1.7	0	0
	2.5	0	22.5
	3.3	0	22.5
	2.5	0	22.5
	2.5	0	22.5
	0.8	0	45
	0.0	0	0
	1.7	0	225
	1.7	0	225
	1.7	0	225
	2.5	0	180
	3.3	0	157.5
	3.3	0	180
	3.3	0	180
	3.3	0	180
	2.5	0	180
	1.7	0	180
	2.5	0	180
	3.3	0	180
	3.3	0	180
	3.3	0	157.5
	0.8	0	0
	0.8	0	135
	1.7	0	270
	1.7	1	202.5
	3.3	0	180
	2.5	0	180
	1.7	0	202.5
	0.0	0	0
	3.3	0	157.5
	3.3	0	180
	3.3	0	157.5
	2.5	0	180
	2.5	0	202.5
	3.3	0	202.5
	4.1	0	202.5
	0.8	0	247.5
	0.8	0	157.5
	1.7	0	225
	1.7	0	225
	0.8	0	225
	0.8	0	270
	1.7	0	225
	1.7	0	202.5
	4.1	0	202.5
	3.3	0	180
	4.1	0	180
	4.1	0	180
	3.3	0	157.5
	3.3	0	180
	2.5	0	180
	3.3	0	202.5
	1.7	0	292.5
	1.7	1	247.5
	0.8	2	157.5
	0.8	0	180
	3.3	0	202.5
	3.3	0	202.5
	4.1	0	180
	2.5	0	225
	3.3	0	180
	4.1	0	180
	3.3	0	180
	4.1	0	180
	4.1	0	180
	4.1	0	180
	2.5	0	202.5
	4.1	0	180
	4.1	0	180
	5.0	0	180
	5.0	0	180
	3.3	0	180
	3.3	0	202.5
	4.1	0	202.5
	4.1	8	247.5
	2.5	4	337.5
	1.7	9	315
	1.7	8	0
	2.5	7	337.5
	0.8	7	337.5
	2.5	7	0
	1.7	2	22.5
	2.5	2	22.5
	0.8	3	90
	1.7	1	90
	0.8	1	292.5
	1.7	0	112.5
	0.0	1	0
	1.7	1	225
	0.8	0	180
	1.7	1	180
	1.7	1	180
	0.8	0	247.5
	1.7	0	292.5
	0.8	0	315
	0.8	0	135
	1.7	0	45
	3.3	0	45
	2.5	0	22.5
	3.3	0	22.5
	2.5	0	22.5
	2.5	0	22.5
	1.7	0	22.5
	0.8	0	0
	1.7	0	247.5
	0.8	0	202.5
	0.8	0	270
	0.8	0	225
	0.8	0	247.5
	0.8	0	247.5
	1.7	0	202.5
	1.7	0	202.5
	1.7	0	225
	0.8	0	202.5
	1.7	0	225
	2.5	0	202.5
	2.5	0	180
	1.7	0	225
	1.7	0	22.5
	1.7	0	22.5
	1.7	0	22.5
	2.5	0	22.5
	1.7	0	22.5
	1.7	0	22.5
	2.5	0	22.5
	0.8	0	22.5
	0.8	0	67.5
	2.5	0	225
	1.7	0	225
	0.8	0	225
	1.7	0	225
	0.8	0	225
	0.0	0	0
	0.8	0	135
	0.8	0	247.5
	1.7	0	225
	2.5	0	225
	3.3	0	180
	3.3	0	202.5
	3.3	0	180
	2.5	0	202.5
	1.7	0	202.5
	2.5	0	202.5
	2.5	0	202.5
	3.3	0	180
	4.1	0	202.5
	4.1	0	202.5
	3.3	0	202.5
	2.5	0	202.5
	2.5	0	202.5
	2.5	0	180
	3.3	0	202.5
	0.8	0	247.5
	1.7	0	292.5
	1.7	1	270
	1.7	0	315
	2.5	2	315
	2.5	4	292.5
	0.0	6	0
	2.5	4	337.5
	1.7	4	315
	2.5	10	337.5
	4.1	6	0
	2.5	4	22.5
	2.5	4	22.5
	2.5	1	22.5
	2.5	0	45
	2.5	0	90
	1.7	0	67.5
	1.7	1	157.5
	0.0	0	0
	3.3	0	0
	2.5	0	22.5
	1.7	0	22.5
	1.7	0	0
	2.5	0	45
	1.7	0	67.5
	1.7	0	157.5
	1.7	0	247.5
	0.8	0	202.5
	0.8	0	225
	1.7	0	225
	1.7	1	270
	0.8	0	247.5
	0.8	0	247.5
	0.8	0	202.5
	0.8	0	202.5
	0.0	0	0
	0.8	0	202.5
	1.7	0	202.5
	0.8	0	292.5
	0.8	0	67.5
	1.7	0	90
	1.7	0	90
	0.8	0	67.5
	3.3	0	67.5
	0.8	0	67.5
	2.5	0	67.5
	0.8	0	67.5
	1.7	0	225
	1.7	0	225
	0.8	0	225
	0.8	0	202.5
	0.8	0	202.5
	0.8	0	180
	0.8	0	202.5
	0.8	0	225
	1.7	0	202.5
	2.5	0	225
	2.5	0	225
	3.3	0	202.5
	1.7	0	247.5
	1.7	0	247.5
	1.7	0	247.5
	0.8	0	270
	2.5	0	270
	2.5	1	270
	2.5	1	180
	1.7	0	157.5
	0.8	0	180
	1.7	0	157.5
	0.8	0	180
	1.7	0	180
	1.7	0	202.5
	2.5	0	270
	2.5	0	292.5
	0.8	0	157.5
	0.8	0	292.5
	0.8	0	292.5
	0.8	0	292.5
	0.0	2	0
	0.8	1	202.5
	0.8	1	225
	0.8	4	157.5
	0.8	0	202.5
	0.8	0	180
	1.7	0	225
	0.8	0	247.5
	1.7	0	337.5
	1.7	0	22.5
	0.8	0	337.5
	0.8	0	0
	2.5	0	22.5
	1.7	0	22.5
	1.7	0	22.5
	0.8	0	22.5
	0.0	0	0
	0.8	0	225
	1.7	0	202.5
	1.7	0	225
	1.7	0	225
	0.8	0	180
	1.7	0	202.5
	0.8	0	270
	0.8	0	225
	1.7	0	202.5
	0.8	0	225
	1.7	0	247.5
	1.7	0	225
	1.7	0	225
	0.8	0	202.5
	1.7	0	202.5
	0.8	0	67.5
	1.7	0	22.5
	2.5	0	22.5
	3.3	0	45
	1.7	0	22.5
	2.5	0	22.5
	2.5	0	22.5
	2.5	0	22.5
	0.0	0	0
	1.7	0	225
	1.7	0	202.5
	1.7	0	202.5
	0.8	0	202.5
	1.7	0	202.5
	0.8	0	202.5
	1.7	0	225
	0.8	0	292.5
	0.8	0	225
	0.8	0	180
	1.7	0	225
	0.8	0	225
	0.8	0	225
	0.8	0	247.5
	0.8	0	247.5
	1.7	0	180
	1.7	0	202.5
	1.7	0	202.5
	1.7	0	247.5
	2.5	0	247.5
	2.5	0	225
	2.5	0	270
	0.8	0	270
	0.8	0	225
	0.8	0	157.5
	2.5	1	202.5
	0.8	3	157.5
	2.5	0	225
	1.7	0	202.5
	2.5	0	202.5
	2.5	1	202.5
	1.7	0	247.5
	1.7	0	202.5
	2.5	0	225
	2.5	0	225
	0.8	0	247.5
	0.8	0	247.5
	1.7	0	202.5
	2.5	0	180
	0.8	0	247.5
	1.7	0	337.5
	2.5	0	22.5
	2.5	0	22.5
	2.5	0	45
	1.7	0	22.5
	1.7	0	45
	1.7	0	22.5
	0.8	0	292.5
	1.7	0	202.5
	1.7	0	225
	1.7	0	202.5
	2.5	0	247.5
	2.5	1	202.5
	2.5	0	202.5
	2.5	0	225
	2.5	0	225
	2.5	0	225
	2.5	0	225
	2.5	0	225
	2.5	0	225
	2.5	1	247.5
	2.5	0	202.5
	2.5	1	202.5
	2.5	2	180
	2.5	0	180
	2.5	2	180
	0.8	0	292.5
	3.3	14	270
	0.8	0	202.5
	3.3	0	337.5
	4.1	0	337.5
	2.5	0	337.5
	2.5	0	337.5
	1.7	0	315
	1.7	0	315
	1.7	0	315
	1.7	0	202.5
	0.8	0	292.5
	0.8	0	225
	1.7	0	202.5
	1.7	0	202.5
	2.5	0	270
	2.5	0	292.5
	1.7	0	247.5
	1.7	0	247.5
	1.7	0	292.5
	1.7	0	270
	2.5	0	45
	1.7	0	45
	1.7	0	337.5
	2.5	0	22.5
	1.7	0	22.5
	1.7	0	0
	1.7	0	90
	0.8	0	67.5
	1.7	0	67.5
	0.8	0	22.5
	1.7	0	202.5
	0.8	0	247.5
	0.8	0	202.5
	0.8	0	202.5
	0.8	0	202.5
	0.0	0	0
	0.0	0	0
	0.8	0	202.5
	1.7	0	225
	1.7	0	202.5
	1.7	0	225
	0.8	0	225
	0.8	0	225
	1.7	0	202.5
	0.8	0	292.5
	0.8	0	0
	1.7	0	45
	0.8	0	0
	1.7	0	45
	0.8	0	337.5
	0.0	0	0
	0.0	0	0
	0.8	0	225
	0.8	0	225
	1.7	0	202.5
	1.7	0	225
	0.8	0	270
	1.7	0	202.5
	1.7	0	225
	1.7	0	202.5
	1.7	0	225
	1.7	0	247.5
	1.7	0	247.5
	0.8	0	247.5
	1.7	0	225
	0.8	0	225
	2.5	0	202.5
	0.8	0	180
	0.8	0	90
	0.8	0	45
	0.8	0	22.5
	2.5	0	45
	3.3	0	22.5
	3.3	0	22.5
	5.0	0	45
	3.3	0	45
	3.3	0	45
	3.3	0	45
	1.7	0	112.5
	2.5	0	67.5
	0.8	0	112.5
	0.8	0	202.5
	0.8	0	135
	0.8	0	135
	0.8	0	225
	1.7	0	225
	2.5	0	225
	1.7	0	225
	1.7	0	202.5
	1.7	0	202.5
	1.7	0	225
	0.0	0	0
	1.7	0	45
	0.8	0	45
	1.7	0	22.5
	2.5	0	45
	2.5	0	22.5
	1.7	0	0
	0.8	0	337.5
	0.8	0	22.5
	0.0	0	0
	1.7	0	225
	0.8	0	225
	0.8	0	225
	0.8	0	202.5
	0.8	0	225
	0.0	0	0
	1.7	0	247.5
	0.8	0	135
	0.8	0	90
	0.0	0	0
	0.0	0	0
	0.8	0	247.5
	0.8	0	247.5
	0.8	0	315
	0.8	0	315
	0.8	0	67.5
	1.7	0	315
	0.8	0	90
	1.7	0	180
	1.7	0	157.5
	0.8	0	157.5
	0.8	1	90
	0.0	0	0
	0.8	0	45
	0.8	1	0
	0.8	0	22.5
	0.8	0	337.5
	1.7	0	45
	1.7	0	90
	4.1	0	67.5
	2.5	2	67.5
	1.7	0	157.5
	0.8	0	22.5
	2.5	0	45
	0.8	0	202.5
	0.8	0	225
	0.8	0	247.5
	0.8	1	315
	0.8	1	157.5
	0.0	0	0
	0.8	0	22.5
	0.0	1	0
	0.8	0	315
	0.0	1	0
	0.8	0	45
	1.7	0	337.5
	0.8	0	22.5
	0.8	0	0
	0.0	1	0
	0.8	0	225
	0.8	0	292.5
	1.7	0	22.5
	0.8	0	0
	1.7	0	22.5
	1.7	0	45
	2.5	0	45
	2.5	0	22.5
	4.1	0	45
	2.5	0	22.5
	2.5	0	22.5
	0.8	0	22.5
	0.8	0	0
	1.7	0	0
	1.7	0	22.5
	2.5	0	22.5
	3.3	0	22.5
	4.1	0	45
	5.0	0	45
	4.1	0	45
	3.3	0	45
	3.3	0	45
	3.3	0	45
	1.7	0	45
	0.8	0	315
	0.8	0	202.5
	1.7	0	225
	0.8	0	90
	0.0	0	0
	1.7	0	202.5
	2.5	0	202.5
	0.0	0	0
	0.0	0	0
	0.0	0	0
	0.8	0	270
	1.7	0	292.5
	1.7	0	202.5
	1.7	0	225
	1.7	0	270
	0.8	1	180
	1.7	0	157.5
	1.7	0	270
	3.3	0	247.5
	5.0	0	247.5
	1.7	9	247.5
	0.8	0	157.5
	1.7	1	225
	1.7	0	225
	2.5	0	202.5
	2.5	2	225
	2.5	0	180
	0.8	0	247.5
	0.8	0	337.5
	1.7	0	247.5
	5.0	3	337.5
	4.1	2	337.5
	1.7	7	0
	4.1	1	0
	4.1	0	337.5
	5.0	0	0
	4.1	0	0
	3.3	0	0
	3.3	0	0
	4.1	0	337.5
	3.3	0	0
	1.7	0	22.5
	3.3	0	0
	3.3	0	22.5
	3.3	0	0
	2.5	0	337.5
	3.3	0	0
	2.5	0	337.5
	1.7	0	270
	1.7	0	225
	1.7	0	225
	1.7	0	225
	1.7	0	225
	0.8	0	202.5
	1.7	0	225
	1.7	0	225
	1.7	0	225
	1.7	0	225
	1.7	0	225
	1.7	0	225
	1.7	0	225
	1.7	0	202.5
	1.7	0	202.5
	0.8	0	90
	2.5	0	67.5
	2.5	0	22.5
	1.7	0	315
	1.7	0	45
	1.7	0	67.5
	0.8	0	90
	0.0	0	0
	1.7	0	225
	1.7	0	225
	2.5	0	225
	2.5	0	225
	1.7	0	225
	1.7	0	225
	0.8	0	202.5
	2.5	0	225
	1.7	0	225
	2.5	0	225
	3.3	0	202.5
	4.1	0	202.5
	4.1	0	180
	5.0	0	180
	5.0	0	180
	4.1	0	180
	4.1	0	157.5
	5.0	0	180
	4.1	0	202.5
	3.3	0	180
	1.7	0	247.5
	0.8	0	202.5
	0.8	0	270
	1.7	0	270
	1.7	0	247.5
	0.8	0	247.5
	1.7	0	225
	3.3	0	202.5
	4.1	0	180
	3.3	0	202.5
	2.5	0	180
	2.5	0	202.5
	2.5	0	202.5
	1.7	0	225
	0.8	0	225
	1.7	0	202.5
	2.5	0	202.5
	0.8	0	225
	2.5	0	225
	0.8	0	270
	1.7	0	315
	2.5	0	337.5
	3.3	0	45
	2.5	0	45
	3.3	0	45
	2.5	0	45
	0.8	0	0
	0.8	0	67.5
	0.0	0	0
	1.7	0	225
	1.7	0	202.5
	0.8	0	225
	0.8	0	247.5
	1.7	0	247.5
	0.8	0	157.5
	1.7	0	180
	0.8	0	157.5
	0.8	0	270
	1.7	0	225
	0.8	1	157.5
	0.0	0	0
	0.0	1	0
	0.0	0	0
	0.0	0	0
	0.8	0	0
	0.8	0	202.5
	1.7	0	67.5
	0.8	0	90
	0.8	0	90
	0.8	0	45
	0.8	0	337.5
	0.8	0	247.5
	0.8	0	202.5
	0.8	0	157.5
	0.0	0	0
	0.8	0	292.5
	0.8	1	270
	0.8	0	90
	0.0	0	0
	0.8	0	112.5
	0.0	1	0
	0.8	0	180
	1.7	0	225
	0.8	0	247.5
	0.8	0	270
	1.7	0	225
	0.8	0	225
	0.8	0	180
	0.8	0	180
	0.8	0	337.5
	0.8	0	45
	1.7	0	315
	0.8	0	22.5
	0.8	0	45
	0.8	2	247.5
	0.8	1	202.5
	0.8	0	202.5
	0.8	0	247.5
	0.8	0	270
	0.0	2	0
	0.8	0	225
	0.8	0	202.5
	0.8	0	225
	1.7	0	225
	2.5	0	292.5
	1.7	0	315
	1.7	0	337.5
	2.5	0	315
	1.7	0	292.5
	1.7	0	270
	1.7	0	292.5
	1.7	0	315
	2.5	0	337.5
	2.5	0	337.5
	3.3	0	22.5
	3.3	0	0
	2.5	0	22.5
	2.5	0	0
	1.7	0	337.5
	1.7	0	0
	2.5	0	270
	0.0	2	0
	1.7	1	247.5
	1.7	0	247.5
	1.7	1	225
	0.0	3	0
	2.5	0	292.5
	1.7	0	270
	0.8	1	225
	0.8	0	225
	0.8	1	270
	1.7	4	270
	1.7	7	292.5
	1.7	4	0
	0.8	0	315
	0.8	0	315
	1.7	0	315
	1.7	0	22.5
	1.7	0	22.5
	2.5	0	22.5
	0.8	0	45
	0.8	0	90
	0.8	0	180
	1.7	0	202.5
	1.7	0	202.5
	0.8	0	225
	0.8	0	225
	0.8	0	247.5
	0.8	0	247.5
	1.7	0	225
	0.8	0	202.5
	1.7	0	225
	0.8	0	225
	1.7	0	180
	1.7	1	202.5
	1.7	0	225
	0.8	0	202.5
	1.7	0	247.5
	1.7	0	180
	5.8	1	292.5
	5.0	2	270
	2.5	1	270
	2.5	2	270
	2.5	1	270
	3.3	0	247.5
	3.3	0	270
	1.7	0	202.5
	0.8	0	247.5
	1.7	0	202.5
	3.3	0	292.5
	2.5	0	247.5
	2.5	1	202.5
	1.7	0	225
	1.7	0	180
	1.7	0	202.5
	2.5	0	180
	2.5	0	202.5
	0.8	0	225
	2.5	0	180
	3.3	0	202.5
	1.7	0	225
	3.3	0	270
	4.1	0	270
	5.0	0	270
	4.1	1	292.5
	3.3	0	270
	4.1	0	292.5
	2.5	0	247.5
	3.3	1	270
	3.3	0	247.5
	5.0	2	270
	2.5	0	180
	1.7	0	180
	2.5	1	315
	1.7	1	202.5
	0.8	0	157.5
	1.7	0	202.5
	2.5	0	202.5
	0.8	0	225
	2.5	0	202.5
	4.1	0	180
	5.8	0	270
	3.3	5	247.5
	2.5	6	180
	3.3	4	225
	3.3	3	247.5
	3.3	3	225
	2.5	1	225
	3.3	2	225
	3.3	1	225
	2.5	1	225
	3.3	1	225
	2.5	0	225
	2.5	0	180
	2.5	0	202.5
	2.5	2	247.5
	3.3	3	202.5
	5.0	0	180
	1.7	1	225
	2.5	0	202.5
	3.3	0	225
	3.3	0	180
	4.1	0	180
	2.5	0	202.5
	2.5	0	180
	5.0	1	202.5
	3.3	2	180
	2.5	3	202.5
	2.5	2	202.5
	3.3	3	202.5
	1.7	3	180
	3.3	0	180
	2.5	2	225
	2.5	4	202.5
	4.1	2	202.5
	4.1	2	225
	2.5	2	247.5
	2.5	3	225
	4.1	3	202.5
	4.1	2	202.5
	3.3	0	225
	2.5	0	180
	2.5	1	180
	1.7	2	157.5
	1.7	2	225
	2.5	1	180
	1.7	0	202.5
	0.8	0	202.5
	1.7	1	202.5
	1.7	0	180
	2.5	0	180
	1.7	0	225
	0.0	1	0
	1.7	1	202.5
	0.0	2	0
	0.0	1	0
	1.7	1	270
	0.8	2	180
	3.3	0	180
	5.0	0	202.5
	4.1	1	225
	3.3	0	180
	2.5	1	225
	4.1	1	225
	3.3	1	225
	2.5	0	270
	2.5	0	202.5
	2.5	1	180
	4.1	5	202.5
	1.7	1	157.5
	0.8	3	112.5
	1.7	2	157.5
	2.5	4	180
	3.3	6	202.5
	1.7	3	157.5
	2.5	2	225
	1.7	1	247.5
	1.7	2	157.5
	1.7	1	225
	1.7	0	225
	0.8	2	180
	2.5	4	225
	2.5	2	202.5
	0.8	0	292.5
	1.7	1	292.5
	2.5	3	247.5
	2.5	0	202.5
	1.7	0	202.5
	0.0	2	0
	1.7	0	270
	1.7	1	202.5
	0.8	0	202.5
	1.7	0	202.5
	0.8	0	247.5
	1.7	0	292.5
	0.8	0	225
	1.7	0	270
	0.8	0	225
	2.5	0	180
	0.8	0	247.5
	1.7	0	225
	1.7	0	225
	1.7	0	225
	0.8	1	180
	0.8	0	270
	0.0	0	0
	2.5	0	202.5
	2.5	0	247.5
	1.7	0	247.5
	1.7	0	247.5
	1.7	0	225
	0.8	0	225
	2.5	0	225
	1.7	0	202.5
	1.7	0	225
	1.7	0	225
	3.3	0	180
	5.0	0	180
	4.1	0	180
	4.1	0	180
	5.0	0	180
	5.0	0	180
	5.8	0	180
	5.8	0	180
	5.0	0	180
	5.0	0	180
	5.0	0	157.5
	5.0	0	180
	4.1	0	180
	4.1	0	292.5
	4.1	3	225
	3.3	3	202.5
	3.3	2	225
	0.8	2	157.5
	2.5	2	202.5
	2.5	3	247.5
	4.1	2	202.5
	1.7	2	180
	2.5	1	180
	1.7	4	202.5
	2.5	3	180
	2.5	4	180
	0.8	0	225
	2.5	1	157.5
	2.5	0	247.5
	4.1	3	270
	2.5	5	225
	0.8	1	247.5
	2.5	2	225
	4.1	0	225
	4.1	1	202.5
	5.0	1	202.5
	3.3	0	225
	1.7	0	247.5
	2.5	3	225
	2.5	1	270
	3.3	1	247.5
	1.7	2	225
	0.0	1	0
	1.7	1	202.5
	0.8	4	225
	0.8	0	270
	1.7	1	202.5
	3.3	1	225
	3.3	0	202.5
	1.7	0	225
	2.5	1	225
	3.3	1	225
	2.5	2	225
	2.5	3	225
	0.8	1	180
	1.7	0	202.5
	0.8	0	247.5
	0.8	0	225
	0.8	0	247.5
	1.7	0	225
	1.7	0	292.5
	0.8	0	292.5
	1.7	0	292.5
	0.8	0	337.5
	1.7	0	0
	1.7	0	22.5
	0.0	0	0
	2.5	0	90
	0.8	0	225
	1.7	0	202.5
	0.8	0	202.5
	1.7	0	202.5
	0.8	0	225
	1.7	0	225
	1.7	0	202.5
	0.8	0	202.5
	2.5	0	225
	2.5	0	202.5
	0.8	0	270
	3.3	0	180
	2.5	0	202.5
	0.8	0	225
	2.5	0	180
	2.5	0	180
	2.5	0	202.5
	2.5	0	180
	1.7	0	225
	0.8	0	157.5
	1.7	0	292.5
	0.8	0	315
	0.0	0	0
	0.8	0	202.5
	1.7	0	202.5
	2.5	0	202.5
	1.7	0	202.5
	2.5	0	202.5
	2.5	0	202.5
	2.5	0	180
	2.5	0	202.5
	2.5	0	202.5
	2.5	0	225
	2.5	0	202.5
	1.7	0	225
	2.5	0	225
	2.5	0	225
	2.5	0	225
	1.7	0	225
	2.5	0	202.5
	1.7	0	202.5
	1.7	0	225
	3.3	0	270
	4.1	0	292.5
	3.3	0	292.5
	2.5	0	270
	2.5	0	292.5
	1.7	0	180
	1.7	0	225
	1.7	0	225
	1.7	0	225
	1.7	0	225
	1.7	0	202.5
	2.5	0	202.5
	2.5	0	225
	1.7	0	180
	2.5	0	225
	3.3	0	202.5
	1.7	0	225
	1.7	0	247.5
	1.7	0	225
	2.5	0	225
	1.7	0	225
	2.5	0	202.5
	0.8	0	270
	0.8	0	270
	1.7	0	270
	0.8	0	225
	0.8	0	292.5
	1.7	0	270
	1.7	0	225
	3.3	0	202.5
	4.1	0	202.5
	2.5	0	225
	3.3	0	180
	4.1	0	180
	4.1	0	180
	4.1	0	180
	4.1	1	180
	5.0	0	180
	5.8	0	180
	5.0	1	202.5
	3.3	0	225
	1.7	0	247.5
	3.3	0	225
	2.5	0	225
	1.7	0	225
	4.1	0	247.5
	3.3	0	247.5
	2.5	0	247.5
	2.5	0	270
	4.1	0	270
	1.7	0	247.5
	2.5	0	270
	0.8	1	202.5
	0.8	0	225
	0.8	0	247.5
	0.8	0	225
	0.0	0	0
	2.5	1	315
	0.8	0	202.5
	1.7	4	225
	1.7	4	337.5
	1.7	0	337.5
	2.5	0	45
	0.0	0	0
	0.8	0	135
	0.8	1	202.5
	0.8	0	157.5
	0.0	0	0
	0.8	0	292.5
	0.8	0	225
	1.7	1	157.5
	1.7	0	180
	2.5	0	180
	0.8	0	337.5
	0.8	0	45
	2.5	2	337.5
	4.1	5	0
	2.5	3	22.5
	3.3	4	45
	2.5	3	90
	0.8	1	112.5
	2.5	2	247.5
	4.1	6	337.5
	0.8	2	225
	1.7	3	180
	1.7	3	180
	1.7	2	225
	1.7	1	180
	2.5	1	202.5
	3.3	1	202.5
	1.7	2	225
	2.5	1	225
	4.1	0	270
	3.3	0	225
	4.1	1	292.5
	4.1	1	292.5
	2.5	1	292.5
	3.3	0	247.5
	2.5	1	225
	2.5	0	270
	1.7	0	202.5
	1.7	0	270
	2.5	1	157.5
	1.7	2	180
	2.5	2	180
	2.5	1	202.5
	1.7	0	180
	2.5	2	180
	2.5	1	157.5
	0.8	2	22.5
	1.7	2	157.5
	0.8	2	135
	0.0	1	0
	1.7	2	157.5
	1.7	1	180
	1.7	1	202.5
	1.7	1	225
	1.7	1	202.5
	1.7	1	202.5
	1.7	0	202.5
	1.7	1	180
	1.7	0	180
	0.8	1	225
	1.7	0	202.5
	2.5	0	202.5
	2.5	1	225
	1.7	0	180
	1.7	0	225
	0.8	0	225
	1.7	0	225
	0.8	0	270
	0.8	0	202.5
	1.7	0	180
	0.8	0	202.5
	0.8	0	180
	1.7	0	270
	0.8	0	225
	0.8	0	247.5
	1.7	0	225
	1.7	0	202.5
	1.7	0	202.5
	1.7	0	225
	0.8	0	135
	0.8	0	270
	1.7	0	180
	0.8	0	67.5
	1.7	0	0
	0.0	0	0
	0.0	0	0
	1.7	0	202.5
	1.7	0	202.5
	1.7	0	225
	1.7	0	180
	1.7	0	202.5
	2.5	0	180
	3.3	0	225
	3.3	0	202.5
	5.0	0	180
	5.8	0	180
	5.0	0	180
	4.1	0	180
	5.0	0	180
	5.0	0	180
	5.0	0	202.5
	1.7	0	157.5
	4.1	0	180
	5.0	1	202.5
	5.8	0	180
	6.6	0	180
	5.8	0	180
	4.1	0	202.5
	6.6	2	247.5
	2.5	2	247.5
	1.7	1	157.5
	2.5	0	202.5
	1.7	0	225
	2.5	2	225
	2.5	0	247.5
	1.7	0	202.5
	1.7	0	202.5
	0.8	0	180
	3.3	1	225
	1.7	1	180
	0.8	1	202.5
	0.8	2	247.5
	0.8	2	315
	3.3	1	202.5
	0.0	0	0
	0.8	1	270
	0.0	3	0
	0.8	2	337.5
	0.8	1	90
	0.8	0	157.5
	2.5	0	67.5
	1.7	1	90
	0.8	1	90
	1.7	2	315
	0.0	2	0
	0.8	1	157.5
	1.7	0	225
	1.7	0	270
	1.7	0	247.5
	1.7	0	270
	0.8	0	247.5
	1.7	0	202.5
	1.7	0	202.5
	1.7	0	202.5
	2.5	0	180
	1.7	0	225
	1.7	0	157.5
	1.7	2	157.5
	2.5	0	157.5
	2.5	0	202.5
	3.3	0	202.5
	2.5	0	247.5
	1.7	0	247.5
	2.5	0	292.5
	1.7	1	202.5
	2.5	1	270
	1.7	2	180
	2.5	3	180
	1.7	2	202.5
	0.8	0	157.5
	0.0	0	0
	0.0	0	0
	2.5	0	202.5
	2.5	0	225
	1.7	0	225
	1.7	0	225
	3.3	0	202.5
	3.3	0	225
	4.1	0	180
	5.0	0	180
	5.8	0	180
	5.0	0	180
	4.1	0	180
	5.0	0	180
	5.0	0	180
	3.3	0	202.5
	0.8	1	202.5
	1.7	0	270
	3.3	0	292.5
	2.5	0	292.5
	1.7	0	292.5
	2.5	1	247.5
	3.3	1	225
	2.5	1	247.5
	2.5	2	292.5
	3.3	2	270
	1.7	2	270
	2.5	2	180
	2.5	1	247.5
	3.3	2	247.5
	0.8	1	225
	1.7	1	180
	0.8	0	135
	1.7	0	270
	1.7	0	225
	0.8	0	225
	3.3	1	292.5
	1.7	0	247.5
	1.7	0	225
	5.8	1	270
	4.1	1	270
	3.3	2	225
	3.3	2	225
	4.1	1	202.5
	3.3	0	202.5
	3.3	1	202.5
	2.5	0	225
	1.7	1	247.5
	2.5	1	202.5
	1.7	1	202.5
	1.7	0	225
	0.8	2	270
	1.7	1	247.5
	0.8	0	157.5
	0.8	0	315
	0.8	0	292.5
	1.7	0	202.5
	0.8	0	180
	1.7	0	225
	1.7	0	202.5
	1.7	0	202.5
	0.8	0	225
	1.7	0	180
	1.7	0	247.5
	2.5	0	292.5
	0.8	0	270
	2.5	0	292.5
	1.7	0	292.5
	0.8	0	67.5
	0.8	0	112.5
	0.8	0	225
	1.7	0	225
	2.5	0	225
	1.7	0	225
	1.7	0	225
	0.8	0	247.5
	1.7	0	225
	0.8	0	270
	0.8	0	270
	1.7	0	225
	0.8	0	180
	1.7	0	225
	2.5	0	247.5
	2.5	0	270
	1.7	0	202.5
	1.7	0	180
	1.7	0	202.5
	4.1	0	180
	2.5	0	202.5
	1.7	0	225
	1.7	0	225
	2.5	0	202.5
	1.7	0	180
	1.7	0	202.5
	0.8	0	247.5
	1.7	0	225
	0.8	0	202.5
	2.5	0	247.5
	0.8	0	157.5
	1.7	1	315
	0.8	0	225
	1.7	2	0
	0.8	3	0
	0.0	1	0
	0.8	0	202.5
	0.8	1	202.5
	0.8	0	202.5
	1.7	0	225
	1.7	0	225
	1.7	0	202.5
	2.5	0	180
	2.5	0	315
	2.5	0	202.5
	2.5	0	225
	1.7	0	270
	2.5	0	270
	1.7	0	292.5
	1.7	0	180
	0.8	0	247.5
	1.7	0	202.5
	2.5	0	225
	3.3	0	225
	2.5	0	225
	2.5	0	225
	3.3	0	225
	1.7	0	225
	3.3	0	225
	2.5	0	202.5
	3.3	0	202.5
	2.5	0	225
	2.5	0	225
	2.5	0	202.5
	2.5	0	225
	2.5	0	202.5
	1.7	0	225
	2.5	0	315
	0.8	0	315
	2.5	0	0
	4.1	0	45
	5.0	0	45
	5.0	0	45
	5.0	0	67.5
	2.5	2	45
	2.5	1	67.5
	0.8	0	112.5
	0.0	0	0
	0.0	0	0
	1.7	0	180
	0.8	0	270
	0.8	0	22.5
	1.7	0	247.5
	0.8	0	157.5
	0.8	0	202.5
	0.8	0	135
	5.0	0	45
	1.7	0	45
	0.0	0	0
	2.5	0	90
	1.7	0	45
	0.8	0	45
	0.8	0	180
	0.8	0	180
	1.7	0	315
	3.3	0	337.5
	0.8	0	337.5
	0.0	0	0
	0.8	0	225
	0.8	0	247.5
	2.5	0	225
	1.7	0	225
	1.7	0	225
	1.7	0	225
	1.7	0	225
	0.8	0	247.5
	0.8	0	180
	1.7	0	225
	1.7	0	225
	2.5	0	225
	2.5	0	225
	2.5	0	225
	0.8	0	247.5
	0.8	0	270
	0.8	0	315
	0.0	0	0
	1.7	0	180
	0.8	0	225
	1.7	0	270
	2.5	0	270
	1.7	0	247.5
	3.3	0	270
	2.5	0	225
	1.7	0	225
	1.7	0	225
	1.7	0	225
	2.5	1	225
	2.5	0	225
	2.5	0	202.5
	2.5	0	247.5
	5.0	2	247.5
	4.1	3	225
	1.7	1	202.5
	2.5	2	202.5
	2.5	2	225
	3.3	1	337.5
	4.1	2	45
	3.3	1	67.5
	3.3	5	337.5
	2.5	3	337.5
	0.8	2	67.5
	1.7	1	180
	0.0	3	0
	0.8	5	337.5
	1.7	6	202.5
	0.8	3	202.5
	0.8	3	270
	0.0	3	0
	0.8	0	202.5
	1.7	1	270
	1.7	0	180
	3.3	2	202.5
	4.1	2	270
	1.7	1	22.5
	4.1	3	337.5
	5.0	0	315
	2.5	0	270
	1.7	1	247.5
	2.5	0	0
	0.8	1	225
	0.8	1	247.5
	0.8	1	247.5
	1.7	0	247.5
	0.8	1	157.5
	0.8	1	180
	1.7	1	157.5
	0.0	1	0
	0.8	0	180
	2.5	1	180
	0.8	0	202.5
	1.7	1	180
	0.8	0	180
	1.7	0	225
	1.7	0	202.5
	1.7	0	202.5
	0.8	0	270
	0.8	0	180
	0.0	0	0
	0.0	0	0
	0.8	0	225
	1.7	0	202.5
	1.7	0	225
	1.7	0	202.5
	0.0	0	0
	0.0	0	0
	0.8	0	202.5
	0.8	0	22.5
	0.8	0	67.5
	1.7	0	67.5
	0.8	0	22.5
	1.7	0	247.5
	0.8	0	202.5
	0.8	1	247.5
	0.8	2	225
	0.0	3	0
	0.0	2	0
	1.7	2	202.5
	1.7	2	315
	1.7	1	202.5
	1.7	0	180
	0.8	0	270
	0.8	0	270
	0.0	0	0
	1.7	0	247.5
	0.8	0	157.5
	0.8	0	225
	0.8	0	180
	1.7	0	247.5
	1.7	0	225
	0.8	0	225
	1.7	0	247.5
	3.3	0	292.5
	5.0	1	202.5
	5.8	0	202.5
	5.0	0	225
	2.5	0	247.5
	3.3	1	292.5
	1.7	2	292.5
	1.7	0	315
	1.7	0	292.5
	0.8	0	45
	0.8	0	157.5
	0.8	0	225
	0.0	0	0
	0.8	0	292.5
	0.8	0	225
	1.7	0	247.5
	1.7	0	225
	1.7	0	225
	2.5	0	202.5
	1.7	0	225
	1.7	0	225
	1.7	0	225
	2.5	0	225
	1.7	0	225
	2.5	0	225
	2.5	0	270
	2.5	0	270
	2.5	0	270
	1.7	0	180
	2.5	0	247.5
	2.5	0	225
	4.1	3	225
	3.3	1	180
	2.5	1	180
	4.1	3	202.5
	2.5	1	225
	3.3	2	180
	2.5	0	225
	3.3	0	180
	4.1	0	180
	4.1	1	180
	3.3	0	180
	4.1	0	180
	2.5	0	202.5
	1.7	0	202.5
	2.5	0	202.5
	3.3	0	202.5
	3.3	0	225
	2.5	1	225
	3.3	3	225
	1.7	6	247.5
	3.3	4	225
	2.5	4	225
	3.3	3	247.5
	1.7	3	225
	3.3	4	247.5
	3.3	1	202.5
	2.5	1	180
	0.8	4	292.5
	2.5	2	202.5
	2.5	0	180
	1.7	2	0
	4.1	1	337.5
	6.6	7	22.5
	5.0	5	22.5
	5.0	1	0
	2.5	1	337.5
	2.5	1	0
	2.5	1	22.5
	1.7	2	22.5
	0.8	3	225
	1.7	1	180
	2.5	1	292.5
	0.8	0	315
	0.8	0	292.5
	0.8	0	315
	0.8	0	337.5
	3.3	3	337.5
	3.3	1	0
	3.3	1	337.5
	4.1	1	337.5
	1.7	2	315
	0.8	4	135
	1.7	8	180
	1.7	4	202.5
	1.7	6	157.5
	0.8	2	270
	0.8	1	270
	1.7	1	202.5
	1.7	0	270
	1.7	1	180
	1.7	0	180
	1.7	0	157.5
	1.7	0	247.5
	2.5	0	180
	1.7	0	202.5
	1.7	0	225
	0.8	0	202.5
	0.8	0	337.5
	0.8	0	202.5
	0.8	0	202.5
	0.8	0	180
	3.3	0	225
	4.1	0	180
	1.7	0	202.5
	2.5	0	202.5
	2.5	0	225
	3.3	0	202.5
	3.3	1	225
	4.1	0	202.5
	3.3	1	225
	4.1	2	202.5
	5.0	1	202.5
	3.3	1	202.5
	1.7	0	202.5
	2.5	0	292.5
	1.7	0	292.5
	1.7	0	292.5
	3.3	0	337.5
	1.7	1	315
	1.7	1	270
	2.5	4	270
	2.5	8	315
	0.8	8	247.5
	1.7	1	225
	0.8	0	270
	1.7	1	247.5
	1.7	1	202.5
	2.5	0	202.5
	1.7	0	247.5
	2.5	2	270
	1.7	0	247.5
	2.5	0	247.5
	2.5	0	247.5
	1.7	1	247.5
	2.5	0	202.5
	0.8	0	180
	1.7	1	202.5
	2.5	0	180
	1.7	1	225
	1.7	0	180
	1.7	0	180
	1.7	0	180
	2.5	0	157.5
	1.7	0	202.5
	1.7	0	202.5
	2.5	0	202.5
	0.8	0	247.5
	0.8	0	202.5
	1.7	0	247.5
	1.7	0	247.5
	0.0	0	0
	0.0	1	0
	1.7	1	45
	0.8	0	90
	0.8	0	225
	0.8	0	202.5
	0.8	0	247.5
	5.0	0	202.5
	2.5	0	270
	1.7	0	225
	1.7	0	247.5
	2.5	1	202.5
	3.3	1	180
	3.3	0	225
	3.3	2	202.5
	3.3	0	157.5
	2.5	2	157.5
	2.5	0	225
	2.5	1	225
	2.5	1	225
	2.5	0	202.5
	2.5	0	202.5
	1.7	0	225
	1.7	0	202.5
	1.7	0	225
	4.1	0	337.5
	5.0	2	45
	3.3	3	202.5
	0.8	6	202.5
	0.8	1	180
	0.0	1	0
	0.8	1	225
	1.7	1	0
	0.8	2	270
	0.8	1	180
	1.7	1	225
	1.7	0	202.5
	1.7	0	225
	2.5	0	202.5
	1.7	2	202.5
	1.7	0	180
	2.5	0	157.5
	2.5	0	180
	0.0	1	0
	1.7	0	247.5
	1.7	0	180
	1.7	0	202.5
	1.7	1	202.5
	1.7	0	225
	1.7	1	202.5
	0.8	0	225
	1.7	0	225
	1.7	0	225
	1.7	0	225
	1.7	0	225
	0.8	0	225
	1.7	0	225
	1.7	0	225
	0.8	0	202.5
	0.8	0	247.5
	2.5	0	202.5
	0.8	0	202.5
	1.7	0	202.5
	1.7	0	202.5
	1.7	0	202.5
	1.7	0	180
	0.8	0	202.5
	1.7	0	315
	1.7	0	315
	0.8	0	337.5
	0.0	0	0
	0.0	0	0
	2.5	0	225
	1.7	0	202.5
	1.7	0	225
	2.5	0	225
	1.7	0	225
	2.5	0	202.5
	2.5	0	202.5
	0.8	0	225
	0.8	0	180
	0.0	0	0
	1.7	0	247.5
	1.7	0	270
	1.7	0	270
	0.8	0	202.5
	1.7	0	247.5
	0.8	0	247.5
	0.8	0	225
	1.7	0	292.5
	0.8	0	135
	0.8	1	202.5
	0.8	1	157.5
	1.7	0	225
	0.8	0	292.5
	0.0	0	0
	0.8	1	225
	0.8	0	247.5
	1.7	1	292.5
	0.8	1	225
	0.0	0	0
	0.8	1	202.5
	0.8	0	180
	2.5	0	202.5
	3.3	0	247.5
	2.5	0	225
	2.5	0	225
	0.8	0	247.5
	1.7	1	180
	0.0	0	0
	0.8	1	202.5
	2.5	0	225
	1.7	0	225
	1.7	0	225
	1.7	0	202.5
	1.7	0	202.5
	2.5	0	270
	1.7	1	225
	1.7	0	270
	2.5	0	225
	2.5	2	180
	3.3	0	225
	3.3	0	202.5
	1.7	1	225
	1.7	1	225
	2.5	0	180
	5.0	4	337.5
	3.3	1	337.5
	3.3	0	292.5
	5.0	0	337.5
	3.3	1	315
	3.3	0	337.5
	2.5	0	315
	0.8	0	292.5
	1.7	0	270
	1.7	0	202.5
	1.7	0	202.5
	1.7	0	180
	0.8	0	225
	1.7	0	202.5
	1.7	0	315
	1.7	0	247.5
	1.7	0	247.5
	1.7	0	202.5
	1.7	0	225
	1.7	0	202.5
	2.5	0	202.5
	2.5	0	225
	2.5	0	225
	3.3	0	202.5
	2.5	0	202.5
	3.3	0	180
	3.3	0	202.5
	3.3	0	157.5
	1.7	0	225
	3.3	0	202.5
	3.3	0	202.5
	2.5	0	225
	4.1	0	202.5
	3.3	0	180
	3.3	0	225
	1.7	0	202.5
	4.1	0	180
	3.3	0	180
	3.3	0	180
	3.3	0	270
	3.3	1	202.5
	1.7	0	202.5
	1.7	0	202.5
	2.5	1	247.5
	0.8	1	270
	0.8	1	157.5
	1.7	1	202.5
	1.7	3	180
	1.7	0	225
	1.7	1	225
	0.8	1	225
	0.8	0	180
	0.8	0	180
	0.0	0	0
	0.8	0	270
	1.7	0	225
	1.7	0	225
	0.8	0	247.5
	1.7	0	202.5
	1.7	0	225
	0.8	0	112.5
	0.8	0	45
	0.8	0	0
	0.8	0	22.5
	1.7	0	90
	0.8	0	90
	0.8	0	180
	0.8	0	225
	0.0	0	0
	0.8	0	247.5
	0.0	0	0
	0.8	0	225
	1.7	0	202.5
	2.5	0	202.5
	1.7	0	225
	1.7	0	202.5
	1.7	0	225
	2.5	0	225
	0.8	0	247.5
	1.7	3	202.5
	2.5	1	202.5
	1.7	0	225
	0.8	0	315
	1.7	0	315
	4.1	0	315
	1.7	0	292.5
	0.8	0	292.5
	1.7	0	315
	0.8	0	292.5
	1.7	0	292.5
	2.5	0	292.5
	1.7	0	270
	1.7	0	202.5
	1.7	0	225
	1.7	0	225
	1.7	0	225
	1.7	0	202.5
	1.7	0	225
	1.7	0	225
	1.7	0	225
	0.8	0	225
	1.7	0	225
	1.7	0	202.5
	1.7	0	225
	2.5	0	225
	1.7	0	202.5
	1.7	0	225
	2.5	0	225
	0.8	0	180
	0.8	0	45
	1.7	0	45
	0.8	0	45
	0.8	0	45
	0.0	0	0
	1.7	0	225
	2.5	0	225
	1.7	0	225
	1.7	0	225
	0.8	0	180
	0.8	0	225
	1.7	0	225
	1.7	0	225
	1.7	0	225
	2.5	0	247.5
	2.5	0	180
	1.7	0	225
	2.5	0	225
	1.7	0	247.5
	2.5	0	202.5
	2.5	0	225
	2.5	0	202.5
	1.7	0	180
	3.3	0	247.5
	1.7	0	202.5
	3.3	0	202.5
	5.0	0	180
	5.0	0	180
	2.5	0	225
	2.5	0	225
	1.7	0	202.5
	2.5	0	270
	2.5	0	180
	2.5	0	180
	3.3	0	202.5
	2.5	0	225
	2.5	0	225
	2.5	0	202.5
	2.5	0	225
	2.5	0	225
	2.5	0	225
	2.5	0	225
	1.7	0	202.5
	2.5	0	202.5
	2.5	0	202.5
	5.0	0	202.5
	5.0	0	202.5
	5.8	0	180
	2.5	0	225
	5.8	0	180
	5.0	0	202.5
	4.1	0	180
	4.1	1	202.5
	5.0	0	180
	6.6	0	180
	5.8	0	180
	5.8	0	180
	5.8	0	180
	5.0	0	202.5
	5.0	0	247.5
	3.3	0	225
	2.5	0	202.5
	1.7	0	225
	2.5	1	202.5
	2.5	0	225
	1.7	0	202.5
	1.7	1	225
	0.8	0	180
	0.8	1	202.5
	0.8	0	225
	1.7	0	225
	1.7	1	225
	2.5	0	202.5
	3.3	0	180
	2.5	0	157.5
	1.7	0	157.5
	1.7	0	202.5
	1.7	0	225
	2.5	0	202.5
	3.3	0	225
	3.3	0	225
	2.5	0	225
	3.3	0	225
	2.5	0	202.5
